algorithm_id,metric,success_spearman,runtime_spearman,quality_spearman,success_sample_size,runtime_sample_size,quality_sample_size
grid_astar,scene_metric_obstacle_area_ratio,-0.31132262957494283,-0.07688060735826771,0.7227281767664617,42337,42337,40309
grid_astar,scene_metric_boundary_density,-0.32235985764974884,-0.5522076101704171,0.684438117748145,42337,42337,40309
grid_astar,scene_metric_clearance,0.2780031041573208,0.7185608583538394,-0.43412543830425615,42337,42337,40309
grid_astar,scene_metric_largest_component_ratio,0.3458070592179449,-0.08224141094794277,-0.6370716040565804,42337,42337,40309
grid_astar,scene_metric_cell_density_cv,0.19955789118378064,-0.1991990760137022,-0.43190603896549157,42337,42337,40309
grid_astar,scene_metric_radii_cv,0.13152346487810396,0.46310626859459286,-0.09468219318045665,42337,42337,40309
grid_astar,scene_width,0.22508452617190947,0.9281708236713109,-0.1805835614888714,42337,42337,40309
grid_astar,scene_height,0.2342404732712748,0.9082018352313751,-0.15787546134245373,42337,42337,40309
grid_astar,scene_obstacle_count,0.0657556773538927,0.619569119028002,0.23545580097166924,42337,42337,40309
grid_astar,scene_direct_distance,0.2370085821517999,0.9732291221790093,-0.20562623819311276,42337,42337,40309
grid_dijkstra,scene_metric_obstacle_area_ratio,-0.31132262957494283,-0.0808015894294583,0.7227281767664617,42337,42337,40309
grid_dijkstra,scene_metric_boundary_density,-0.32235985764974884,-0.556202197732597,0.684438117748145,42337,42337,40309
grid_dijkstra,scene_metric_clearance,0.2780031041573208,0.7206113589582966,-0.43412543830425615,42337,42337,40309
grid_dijkstra,scene_metric_largest_component_ratio,0.3458070592179449,-0.07832863190355449,-0.6370716040565804,42337,42337,40309
grid_dijkstra,scene_metric_cell_density_cv,0.19955789118378064,-0.1958846055016538,-0.43190603896549157,42337,42337,40309
grid_dijkstra,scene_metric_radii_cv,0.13152346487810396,0.46271441974609345,-0.09468219318045665,42337,42337,40309
grid_dijkstra,scene_width,0.22508452617190947,0.9284069191567001,-0.1805835614888714,42337,42337,40309
grid_dijkstra,scene_height,0.2342404732712748,0.9085029363145237,-0.15787546134245373,42337,42337,40309
grid_dijkstra,scene_obstacle_count,0.0657556773538927,0.6164746940318511,0.23545580097166924,42337,42337,40309
grid_dijkstra,scene_direct_distance,0.2370085821517999,0.9734363890824612,-0.20562623819311276,42337,42337,40309
rrt,scene_metric_obstacle_area_ratio,-0.28466892933671667,0.3928382325099011,0.7370488045276947,42337,42337,39234
rrt,scene_metric_boundary_density,-0.13426168558882998,-0.03706880410249913,0.6540883927986646,42337,42337,39234
rrt,scene_metric_clearance,0.012172371900587555,0.3105004626570069,-0.4187639511398312,42337,42337,39234
rrt,scene_metric_largest_component_ratio,0.3656172975315337,-0.5085819871085111,-0.6624405732205287,42337,42337,39234
rrt,scene_metric_cell_density_cv,0.28276627778122077,-0.5041504683782574,-0.548809525354007,42337,42337,39234
rrt,scene_metric_radii_cv,-0.07202381571116749,0.31016434156287437,-0.04413670444402187,42337,42337,39234
rrt,scene_width,-0.09803639941731677,0.6202277946556399,-0.11359087406290988,42337,42337,39234
rrt,scene_height,-0.09509234001242937,0.6137721518984237,-0.09427319469966862,42337,42337,39234
rrt,scene_obstacle_count,-0.21112978618407743,0.644189729067683,0.3555685109544048,42337,42337,39234
rrt,scene_direct_distance,-0.10595192697678808,0.6618350534755317,-0.1473415046248079,42337,42337,39234
visibility_astar,scene_metric_obstacle_area_ratio,-0.23406710837082018,0.29216363233886317,0.813448388889663,42337,42337,41216
visibility_astar,scene_metric_boundary_density,-0.2463806613797796,0.03423481450633521,0.6960986959344836,42337,42337,41216
visibility_astar,scene_metric_clearance,0.20718114429117523,0.08757328635873513,-0.4036037578052715,42337,42337,41216
visibility_astar,scene_metric_largest_component_ratio,0.26999429405189757,-0.3609131528561318,-0.7135485131762824,42337,42337,41216
visibility_astar,scene_metric_cell_density_cv,0.14840115115704217,-0.6307450163918426,-0.5525432060515829,42337,42337,41216
visibility_astar,scene_metric_radii_cv,0.10341353105004536,0.3608505881639361,-0.03060060987687583,42337,42337,41216
visibility_astar,scene_width,0.18991730808784252,0.5482646024598483,-0.09289573556951602,42337,42337,41216
visibility_astar,scene_height,0.1873635685467563,0.49002579079316144,-0.07119666642462913,42337,42337,41216
visibility_astar,scene_obstacle_count,0.07236457665879573,0.9565369030483556,0.32285996690015023,42337,42337,41216
visibility_astar,scene_direct_distance,0.1932095324309067,0.5613955921666017,-0.12086744640210047,42337,42337,41216
visibility_dijkstra,scene_metric_obstacle_area_ratio,-0.23406710837082018,0.2796731953498609,0.813448388889663,42337,42337,41216
visibility_dijkstra,scene_metric_boundary_density,-0.2463806613797796,0.023106466276724375,0.6960986959344836,42337,42337,41216
visibility_dijkstra,scene_metric_clearance,0.20718114429117523,0.09420826795676865,-0.4036037578052715,42337,42337,41216
visibility_dijkstra,scene_metric_largest_component_ratio,0.26999429405189757,-0.3506530121709555,-0.7135485131762824,42337,42337,41216
visibility_dijkstra,scene_metric_cell_density_cv,0.14840115115704217,-0.6228089162120242,-0.5525432060515829,42337,42337,41216
visibility_dijkstra,scene_metric_radii_cv,0.10341353105004536,0.36080259549125676,-0.03060060987687583,42337,42337,41216
visibility_dijkstra,scene_width,0.18991730808784252,0.551982692916548,-0.09289573556951602,42337,42337,41216
visibility_dijkstra,scene_height,0.1873635685467563,0.49283530731864345,-0.07119666642462913,42337,42337,41216
visibility_dijkstra,scene_obstacle_count,0.07236457665879573,0.9529610980401153,0.32285996690015023,42337,42337,41216
visibility_dijkstra,scene_direct_distance,0.1932095324309067,0.5648471977007857,-0.12086744640210047,42337,42337,41216
