beta,gamma,delta,scene_rows,present_classes,majority_share,min_share,normalized_entropy,effective_class_count,balance_objective,meets_min_share_rule,count_visibility_astar,share_visibility_astar,count_grid_astar,share_grid_astar,count_rrt,share_rrt,proxy_status,proxy_accuracy,proxy_balanced_accuracy,proxy_macro_f1,proxy_majority_accuracy,proxy_majority_macro_f1,proxy_macro_f1_gain,proxy_min_class_count,proxy_is_valid,proxy_objective,proxy_objective_for_sort,proxy_macro_f1_gain_for_sort
0.3,0.6,0.8,41217,3,0.3619137734429968,0.27799209064221075,0.9935282676328581,2.978745873033446,0.9096065848320721,True,14917,0.3619137734429968,11458,0.27799209064221075,14842,0.36009413591479245,ok,0.6688015526443474,0.674311410373922,0.6679966301511969,0.361863173216885,0.1771412284452045,0.4908554017059924,11458.0,True,0.5951466255669386,0.5951466255669386,0.4908554017059924
0.45,0.75,1.25,41217,3,0.36006987408108304,0.30179294951112406,0.9976144792073348,2.9921480062263806,0.9393375546373759,True,12439,0.30179294951112406,13937,0.3381371764077929,14841,0.36006987408108304,ok,0.6618146530810286,0.6694160531061003,0.6624325756595212,0.3601164483260553,0.1765125570776256,0.4859200185818956,12439.0,True,0.5928119709908012,0.5928119709908012,0.4859200185818956
0.45,1.05,1.5,41217,3,0.34711405488026786,0.3069849819249339,0.998557324091658,2.9952489416249106,0.958428251136324,True,14257,0.34590096319479824,12653,0.3069849819249339,14307,0.34711405488026786,ok,0.6623968947113051,0.6646734472062571,0.6613857056229752,0.34711305191654535,0.17178120347692458,0.48960450214605056,12653.0,True,0.5924113279536065,0.5924113279536065,0.48960450214605056
0.3,0.75,1.0,41217,3,0.3683916830434044,0.28582866293034426,0.9949298669482342,2.983336121479219,0.912366846835174,True,15184,0.3683916830434044,11781,0.28582866293034426,14252,0.3457796540262513,ok,0.6645317806889859,0.6661600222924365,0.662899045391891,0.36836487142164,0.1794671772687516,0.48343186812313943,11781.0,True,0.5901138159171225,0.5901138159171225,0.48343186812313943
0.6,0.9,1.5,41217,3,0.36829463570856685,0.30239949535385885,0.9970154442312992,2.9901794999369784,0.9311203038765912,True,12464,0.30239949535385885,13573,0.3293058689375743,15180,0.36829463570856685,ok,0.6583212032993693,0.66662501989616,0.6597661876135025,0.3682678311499272,0.1794326241134752,0.4803335635000273,12464.0,True,0.5898577016355074,0.5898577016355074,0.4803335635000273
0.3,1.05,1.5,41217,3,0.35235461096149645,0.32030472863139,0.9992309664883956,2.9974664614069186,0.9671810841582892,True,14523,0.35235461096149645,13202,0.32030472863139,13492,0.32734066040711357,ok,0.6607472100921883,0.6592295144010082,0.6578451067671774,0.35235322658903445,0.17369881362418674,0.48414629314299074,13202.0,True,0.589697408137219,0.589697408137219,0.48414629314299074
0.45,0.9,1.25,41217,3,0.3582259747191693,0.29121479001382927,0.9962448276297619,2.987649058752635,0.9292336429244218,True,14449,0.3505592352670015,12003,0.29121479001382927,14765,0.3582259747191693,ok,0.6605531295487628,0.664505952852735,0.6604268368143816,0.35827268316351285,0.17584720535352813,0.4845796314608535,12003.0,True,0.5893559700732092,0.5893559700732092,0.4845796314608535
0.75,0.9,1.5,41217,3,0.38712181866705486,0.30266637552466213,0.99417379627869,2.9808591062682948,0.9097183531362971,True,12475,0.30266637552466213,12786,0.310211805808283,15956,0.38712181866705486,ok,0.6565744784085396,0.668244212325625,0.659293950396826,0.3870936438622028,0.18604542698568163,0.47324852341114443,12475.0,True,0.588659672994673,0.588659672994673,0.47324852341114443
0.45,0.9,1.5,41217,3,0.34966154741975397,0.3022296625178931,0.9979839986153032,2.9933629409196474,0.9505521137134423,True,12457,0.3022296625178931,14412,0.34966154741975397,14348,0.3481087900623529,ok,0.6575448811256671,0.6624871916369414,0.6574106468919052,0.34963609898107717,0.1727063560540696,0.4847042908378356,12457.0,True,0.5886204134299492,0.5886204134299492,0.4847042908378356
0.6,1.05,1.5,41217,3,0.3664022126792343,0.2945871848994347,0.9963760639572687,2.9880798426009307,0.924561036177469,True,13973,0.339010602421331,12142,0.2945871848994347,15102,0.3664022126792343,ok,0.6583212032993693,0.6637253692194912,0.6589356710809504,0.36642406598738475,0.17877518168690673,0.48016048939404365,12142.0,True,0.5879432106600526,0.5879432106600526,0.48016048939404365
0.45,0.6,1.0,41217,3,0.3775383943518451,0.30300604119659363,0.9958802773947275,2.98645274676975,0.921347924239476,True,12489,0.30300604119659363,13167,0.31945556445156126,15561,0.3775383943518451,ok,0.6557011159631247,0.6658043396340682,0.6576246133109656,0.37758369723435226,0.18272752888137503,0.47489708442959055,12489.0,True,0.5876621819040291,0.5876621819040291,0.47489708442959055
0.6,0.75,1.25,41217,3,0.38307009243758644,0.30286047019433726,0.9949538218115249,2.983414635288819,0.9147441995682757,True,12483,0.30286047019433726,12945,0.3140694373680763,15789,0.38307009243758644,ok,0.6553129548762736,0.666076855811527,0.6579670371784053,0.38311499272197963,0.18466287799059847,0.4733041591878069,12483.0,True,0.5875512595401592,0.5875512595401592,0.4733041591878069
0.3,0.45,0.8,41217,3,0.3625931047868598,0.2898076036586845,0.9958826272437994,2.9864604565256783,0.9230971261156242,True,11945,0.2898076036586845,14327,0.3475992915544557,14945,0.3625931047868598,ok,0.656380397865114,0.6650770620331442,0.6576937346237508,0.3626394953905871,0.1774201205906091,0.4802736140331417,11945.0,True,0.5872669292614707,0.5872669292614707,0.4802736140331417
0.3,0.6,1.0,41217,3,0.34966154741975397,0.3022296625178931,0.9979839986153032,2.9933629409196474,0.9505521137134423,True,12457,0.3022296625178931,14412,0.34966154741975397,14348,0.3481087900623529,ok,0.6552159146045609,0.6603774038077047,0.6550495204592743,0.34963609898107717,0.1727063560540696,0.48234316440520475,12457.0,True,0.5865582342914298,0.5865582342914298,0.48234316440520475
0.3,0.75,1.25,41217,3,0.3617682024407405,0.30269063735837154,0.9975962916838949,2.9920882206043933,0.938518726601526,True,12476,0.30269063735837154,14911,0.3617682024407405,13830,0.335541160200888,ok,0.6571567200388161,0.6601630009720868,0.655594053475853,0.36176613294517224,0.1771063445687546,0.47848770890709835,12476.0,True,0.5860246798244123,0.5860246798244123,0.47848770890709835
0.3,0.9,1.25,41217,3,0.35975447024286095,0.30543222456753283,0.9979742621255626,2.9933309222032083,0.9436520164502344,True,14828,0.35975447024286095,12589,0.30543222456753283,13800,0.3348133051896062,ok,0.6576419213973799,0.6574331534067878,0.6553342008031969,0.35972828723920425,0.17637263298125416,0.47896156782194277,12589.0,True,0.5855942147342774,0.5855942147342774,0.47896156782194277
0.6,0.75,1.5,41217,3,0.366693354683747,0.27313972390033237,0.9922960041967811,2.9747160355506264,0.8987423734133664,True,11258,0.27313972390033237,14845,0.3601669214159206,15114,0.366693354683747,ok,0.653566229985444,0.6644743063789722,0.6557102548814667,0.3667151868025231,0.178879106314494,0.47683114856697273,11258.0,True,0.5838683933948309,0.5838683933948309,0.47683114856697273
0.3,0.9,1.5,41217,3,0.3699444404008055,0.30332144503481573,0.9969051378679962,2.989817160200324,0.9302821425020065,True,12502,0.30332144503481573,15248,0.3699444404008055,13467,0.3267341145643788,ok,0.6524987869966036,0.654133141238212,0.6496362174306715,0.36991751576904414,0.18001936199853605,0.4696168554321354,12502.0,True,0.5801250987432638,0.5801250987432638,0.4696168554321354
0.6,0.9,1.25,41217,3,0.38071669456777546,0.27913239682655216,0.9927591341025518,2.97622995679056,0.8911748363613284,True,14020,0.34015090860567243,11505,0.27913239682655216,15692,0.38071669456777546,,,,,,,,,False,,-inf,-inf
0.75,1.05,1.5,41217,3,0.3847441589635345,0.28291724288521725,0.9929023477725675,2.9766982626331044,0.8910754316942502,True,13698,0.3323385981512483,11661,0.28291724288521725,15858,0.3847441589635345,,,,,,,,,False,,-inf,-inf
0.45,0.75,1.0,41217,3,0.37326831161899215,0.27153844287551254,0.9916963707015888,2.972757042883486,0.8899665019581093,True,14640,0.3551932455054953,11192,0.27153844287551254,15385,0.37326831161899215,,,,,,,,,False,,-inf,-inf
0.45,0.45,0.8,41217,3,0.3987674988475629,0.2933013077128369,0.9913172973190071,2.9715192820646728,0.8858511061842811,True,12089,0.2933013077128369,12692,0.3079311934396002,16436,0.3987674988475629,,,,,,,,,False,,-inf,-inf
0.45,0.6,1.25,41217,3,0.37533056748429044,0.26668607613363415,0.9903621995653599,2.9684029552248674,0.8817177082147036,True,10992,0.26668607613363415,15470,0.37533056748429044,14755,0.35798335638207535,,,,,,,,,False,,-inf,-inf
0.75,0.75,1.5,41217,3,0.3870005094985079,0.2760996676128782,0.9914927641111065,2.972092156974343,0.8805919222254768,True,11380,0.2760996676128782,13886,0.3368998228886139,15951,0.3870005094985079,,,,,,,,,False,,-inf,-inf
0.6,0.6,1.25,41217,3,0.3828032122667831,0.2706892786956838,0.9908494101264047,2.969992234558481,0.8787354765553055,True,11157,0.2706892786956838,14282,0.3465075090375331,15778,0.3828032122667831,,,,,,,,,False,,-inf,-inf
0.6,0.6,1.0,41217,3,0.40476017177378265,0.2923550961981707,0.9897852838500489,2.966522157654276,0.877380208274437,True,12484,0.30288473202804667,12050,0.2923550961981707,16683,0.40476017177378265,,,,,,,,,False,,-inf,-inf
0.75,0.75,1.25,41217,3,0.40476017177378265,0.2923550961981707,0.9897852838500489,2.966522157654276,0.877380208274437,True,12484,0.30288473202804667,12050,0.2923550961981707,16683,0.40476017177378265,,,,,,,,,False,,-inf,-inf
0.9,0.9,1.5,41217,3,0.40476017177378265,0.2923550961981707,0.9897852838500489,2.966522157654276,0.877380208274437,True,12484,0.30288473202804667,12050,0.2923550961981707,16683,0.40476017177378265,,,,,,,,,False,,-inf,-inf
0.45,0.45,1.0,41217,3,0.37598563699444404,0.2628284445738409,0.9892611467917516,2.964814456454499,0.8761039543711484,True,10833,0.2628284445738409,14887,0.36118591843171505,15497,0.37598563699444404,,,,,,,,,False,,-inf,-inf
0.45,0.75,1.5,41217,3,0.3846228497949875,0.27005847101923963,0.9905361709225612,2.968970351607621,0.8759717921468133,True,11131,0.27005847101923963,15853,0.3846228497949875,14233,0.34531867918577286,,,,,,,,,False,,-inf,-inf
0.3,0.45,0.6,41217,3,0.38277895043307375,0.26736540747749715,0.9900711807877589,2.9674540586123435,0.8746576378321823,True,14420,0.3498556420894291,11020,0.26736540747749715,15777,0.38277895043307375,,,,,,,,,False,,-inf,-inf
0.9,0.75,1.5,41217,3,0.40827813766164445,0.2777979959725356,0.9878576845830433,2.96024664754609,0.8573775428939345,True,11450,0.2777979959725356,12939,0.3139238663658199,16828,0.40827813766164445,,,,,,,,,False,,-inf,-inf
0.45,0.6,0.8,41217,3,0.3931144915932746,0.2624887789019094,0.9878258475935339,2.9601431102665052,0.8572001349021686,True,14195,0.344396729504816,10819,0.2624887789019094,16203,0.3931144915932746,,,,,,,,,False,,-inf,-inf
0.9,1.05,1.5,41217,3,0.4016303952252711,0.27008273285294904,0.9881467201678819,2.9611867877375926,0.8565990577955598,True,13531,0.32828687192177985,11132,0.27008273285294904,16554,0.4016303952252711,,,,,,,,,False,,-inf,-inf
0.75,0.6,1.5,41217,3,0.38678215299512336,0.2539000897687847,0.9859992138798892,2.9542087632371947,0.8531171506535504,True,10465,0.2539000897687847,14810,0.3593177572360919,15942,0.38678215299512336,,,,,,,,,False,,-inf,-inf
0.75,0.9,1.25,41217,3,0.40075696921173304,0.2654487226144552,0.9874047614367973,2.95877403389904,0.8520965148395194,True,13758,0.3337943081738118,10941,0.2654487226144552,16518,0.40075696921173304,,,,,,,,,False,,-inf,-inf
0.75,0.6,1.25,41217,3,0.4095397530145328,0.27313972390033237,0.9869833207585934,2.957404438879145,0.850583291644393,True,11258,0.27313972390033237,13079,0.31732052308513475,16880,0.4095397530145328,,,,,,,,,False,,-inf,-inf
0.6,0.6,1.5,41217,3,0.38743722250527696,0.24921755586287211,0.9844146482861658,2.949070481703197,0.8461949816437611,True,10272,0.24921755586287211,15969,0.38743722250527696,14976,0.36334522163185096,,,,,,,,,False,,-inf,-inf
0.6,0.75,1.0,41217,3,0.39927699735546013,0.2592134313511415,0.9862005366231644,2.9548622345136604,0.8461369706188457,True,14076,0.3415095712933984,10684,0.2592134313511415,16457,0.39927699735546013,,,,,,,,,False,,-inf,-inf
0.6,0.45,1.25,41217,3,0.38149307324647597,0.2442681417861562,0.9828295127078186,2.943939293755757,0.8456045812474987,True,10068,0.2442681417861562,15425,0.37423878496736784,15724,0.38149307324647597,,,,,,,,,False,,-inf,-inf
0.3,0.45,1.0,41217,3,0.40058713637576726,0.256520367809399,0.9853209980549775,2.952008413234716,0.8412542294886093,True,10573,0.256520367809399,16511,0.40058713637576726,14133,0.34289249581483366,,,,,,,,,False,,-inf,-inf
0.3,0.75,1.5,41217,3,0.4114564378775748,0.2667831234684718,0.9855706580702258,2.952818199854484,0.8408973436611228,True,10996,0.2667831234684718,16959,0.4114564378775748,13262,0.3217604386539535,,,,,,,,,False,,-inf,-inf
0.3,0.6,1.25,41217,3,0.4072834024795594,0.2621491132299779,0.9855494414344624,2.9527493738401156,0.8404151521848809,True,10805,0.2621491132299779,16787,0.4072834024795594,13625,0.3305674842904627,,,,,,,,,False,,-inf,-inf
0.6,0.45,1.0,41217,3,0.413761312079967,0.26593395928864305,0.9848998459647358,2.950642885461716,0.8370724931734117,True,10961,0.26593395928864305,13202,0.32030472863139,17054,0.413761312079967,,,,,,,,,False,,-inf,-inf
0.6,1.05,1.25,41217,3,0.3882621248513963,0.2389790620375088,0.9805477845756263,2.936568861088224,0.8312647217617388,True,16003,0.3882621248513963,9850,0.2389790620375088,15364,0.37275881311109493,,,,,,,,,False,,-inf,-inf
0.45,1.05,1.25,41217,3,0.40303758158041586,0.24463206929179707,0.9814550355797297,2.939497248637857,0.8230495232911108,True,16612,0.40303758158041586,10083,0.24463206929179707,14522,0.3523303491277871,,,,,,,,,False,,-inf,-inf
0.75,1.05,1.25,41217,3,0.3934784190989155,0.23500012130916856,0.9786802741534485,2.930550167447049,0.8202019763637014,True,15313,0.37152145959191596,9686,0.23500012130916856,16218,0.3934784190989155,,,,,,,,,False,,-inf,-inf
0.9,0.75,1.25,41217,3,0.43193342552830144,0.2674624548123347,0.9799987435006006,2.9347981059727397,0.815527772784634,True,12390,0.30060411965936384,11024,0.2674624548123347,17803,0.43193342552830144,,,,,,,,,False,,-inf,-inf
0.9,0.9,1.25,41217,3,0.4196811995050586,0.25149816823155496,0.9805721422379374,2.9366474436274275,0.8123891109644337,True,13553,0.3288206322633865,10366,0.25149816823155496,17298,0.4196811995050586,,,,,,,,,False,,-inf,-inf
0.3,1.05,1.25,41217,3,0.4203120071815028,0.2510857170584953,0.9803306015032135,2.935868279363467,0.8111043113802061,True,17324,0.4203120071815028,10349,0.2510857170584953,13544,0.32860227576000195,,,,,,,,,False,,-inf,-inf
0.45,0.6,1.5,41217,3,0.41596913894752163,0.24431666545357497,0.9793724560426714,2.9327795211744596,0.8077199825487248,True,10070,0.24431666545357497,17145,0.41596913894752163,14002,0.33971419559890337,,,,,,,,,False,,-inf,-inf
0.45,0.45,1.25,41217,3,0.41004925152243005,0.23856661086444914,0.9784573515672059,2.9298325474926235,0.8069747109092249,True,9833,0.23856661086444914,16901,0.41004925152243005,14483,0.3513841376131208,,,,,,,,,False,,-inf,-inf
0.45,0.45,0.6,41217,3,0.4226654050513138,0.24312783560181478,0.977689135303205,2.9273608945112763,0.7981515658537061,True,13775,0.33420675934687144,10021,0.24312783560181478,17421,0.4226654050513138,,,,,,,,,False,,-inf,-inf
0.6,0.6,0.8,41217,3,0.4226654050513138,0.24312783560181478,0.977689135303205,2.9273608945112763,0.7981515658537061,True,13775,0.33420675934687144,10021,0.24312783560181478,17421,0.4226654050513138,,,,,,,,,False,,-inf,-inf
0.75,0.75,1.0,41217,3,0.4226654050513138,0.24312783560181478,0.977689135303205,2.9273608945112763,0.7981515658537061,True,13775,0.33420675934687144,10021,0.24312783560181478,17421,0.4226654050513138,,,,,,,,,False,,-inf,-inf
0.6,0.9,1.0,41217,3,0.3937210374360094,0.21830797971710703,0.9708288840911673,2.9053810214076945,0.7954158263722648,True,16228,0.3937210374360094,8998,0.21830797971710703,15991,0.3879709828468836,,,,,,,,,False,,-inf,-inf
0.9,1.05,1.25,41217,3,0.4127180532304632,0.22997792173132445,0.9748595281239928,2.9182749096217178,0.792119396624854,True,14727,0.3573040250382124,9479,0.22997792173132445,17011,0.4127180532304632,,,,,,,,,False,,-inf,-inf
0.75,0.6,1.0,41217,3,0.44394303321445033,0.25739379382293714,0.9746346715937985,2.9175540967759694,0.7880854322022852,True,12310,0.2986631729626125,10609,0.25739379382293714,18298,0.44394303321445033,,,,,,,,,False,,-inf,-inf
0.6,0.45,1.5,41217,3,0.4141737632530267,0.22803697503457313,0.9738799501515841,2.915136020342756,0.7877431619331305,True,9399,0.22803697503457313,17071,0.4141737632530267,14747,0.3577892617124002,,,,,,,,,False,,-inf,-inf
0.6,0.45,0.8,41217,3,0.4546425018802921,0.2576121503263217,0.9705034452670377,2.904342443033275,0.7734730937130673,True,11860,0.28774534779338623,10618,0.2576121503263217,18739,0.4546425018802921,,,,,,,,,False,,-inf,-inf
0.45,0.9,1.0,41217,3,0.41664847029138463,0.21990926074192688,0.9700373112157742,2.9028555082972183,0.7732981016663165,True,17173,0.41664847029138463,9064,0.21990926074192688,14980,0.3634422689666885,,,,,,,,,False,,-inf,-inf
0.75,0.9,1.0,41217,3,0.4124026493922411,0.21619720018438993,0.9687405905565376,2.898723064155774,0.7725351413486865,True,15308,0.371400150423369,8911,0.21619720018438993,16998,0.4124026493922411,,,,,,,,,False,,-inf,-inf
0.6,0.75,0.8,41217,3,0.4085207559987384,0.2074629400490089,0.9644364540614735,2.885048584130379,0.7633786381117439,True,15828,0.3840163039522527,8551,0.2074629400490089,16838,0.4085207559987384,,,,,,,,,False,,-inf,-inf
0.3,0.6,1.5,41217,3,0.4499599679743795,0.2368925443385011,0.9685733630464807,2.898190564895625,0.7555059394106023,True,9764,0.2368925443385011,18546,0.4499599679743795,12907,0.3131474876871194,,,,,,,,,False,,-inf,-inf
0.45,0.75,0.8,41217,3,0.41596913894752163,0.20612853919499236,0.9631592991212428,2.8810034164565317,0.7533186993687134,True,17145,0.41596913894752163,8496,0.20612853919499236,15576,0.377902321857486,,,,,,,,,False,,-inf,-inf
0.3,0.45,1.25,41217,3,0.45102748865759273,0.22968677972681176,0.9662344014552805,2.8907528998449235,0.7448936925244996,True,9467,0.22968677972681176,18590,0.45102748865759273,13160,0.3192857316155955,,,,,,,,,False,,-inf,-inf
0.3,0.9,1.0,41217,3,0.4428269888638183,0.2212921852633622,0.965700609765281,2.889058172271449,0.7441658061648249,True,18252,0.4428269888638183,9121,0.2212921852633622,13844,0.3358808258728195,,,,,,,,,False,,-inf,-inf
0.9,0.9,1.0,41217,3,0.4334376592182837,0.21056845476381106,0.9631208009682148,2.8808815683075224,0.7402515965137423,True,14673,0.3559938860179052,8679,0.21056845476381106,17865,0.4334376592182837,,,,,,,,,False,,-inf,-inf
0.45,0.45,1.5,41217,3,0.4495475168013198,0.22078268675546497,0.9637168181231813,2.8827685635778866,0.7349519880773263,True,9100,0.22078268675546497,18529,0.4495475168013198,13588,0.3296697964432152,,,,,,,,,False,,-inf,-inf
0.45,0.6,0.6,41217,3,0.4104617026954897,0.18873280442535847,0.9527022443742155,2.848095123539607,0.7309733461040842,True,16918,0.4104617026954897,7779,0.18873280442535847,16520,0.4008054928791518,,,,,,,,,False,,-inf,-inf
0.75,0.75,0.8,41217,3,0.43566974791954777,0.20399349782856588,0.9594545972081527,2.8693014728939006,0.7277783471171708,True,14852,0.3603367542518864,8408,0.20399349782856588,17957,0.43566974791954777,,,,,,,,,False,,-inf,-inf
0.9,1.05,1.0,41217,3,0.4169153504621879,0.18438993619137733,0.9494883390363392,2.8380566994771383,0.7169629247655287,True,16433,0.39869471334643475,7600,0.18438993619137733,17184,0.4169153504621879,,,,,,,,,False,,-inf,-inf
0.3,0.75,0.8,41217,3,0.44925637479680713,0.20462430550501007,0.9569829653276914,2.8615208400599843,0.7123508960358943,True,18517,0.44925637479680713,8434,0.20462430550501007,14266,0.34611931969818277,,,,,,,,,False,,-inf,-inf
0.6,0.6,0.6,41217,3,0.43930902297595653,0.19467695368415944,0.9537498852817943,2.8513750291125777,0.7091178159899972,True,15086,0.36601402333988403,8024,0.19467695368415944,18107,0.43930902297595653,,,,,,,,,False,,-inf,-inf
0.75,1.05,1.0,41217,3,0.42603779993691926,0.17997428245626804,0.9458537232448502,2.8267468391470483,0.699790205764199,True,17560,0.42603779993691926,7418,0.17997428245626804,16239,0.39398791760681273,,,,,,,,,False,,-inf,-inf
0.75,0.9,0.8,41217,3,0.41504718926656475,0.17281704151199748,0.9408955414774286,2.8113910718641564,0.6986653937228613,True,17107,0.41504718926656475,7123,0.17281704151199748,16987,0.41213576922143774,,,,,,,,,False,,-inf,-inf
0.9,0.75,1.0,41217,3,0.47097071596671275,0.2092583157435039,0.9525905236707406,2.8477455762390473,0.6908781234475319,True,13180,0.31977096828978335,8625,0.2092583157435039,19412,0.47097071596671275,,,,,,,,,False,,-inf,-inf
0.45,0.45,0.4,41217,3,0.43918771380740956,0.17849431059999515,0.9435148241220542,2.819492714579077,0.6828214209146397,True,15758,0.3823179755925953,7357,0.17849431059999515,18102,0.43918771380740956,,,,,,,,,False,,-inf,-inf
0.9,0.9,0.8,41217,3,0.43918771380740956,0.17849431059999515,0.9435148241220542,2.819492714579077,0.6828214209146397,True,15758,0.3823179755925953,7357,0.17849431059999515,18102,0.43918771380740956,,,,,,,,,False,,-inf,-inf
0.3,0.45,1.5,41217,3,0.489191353082466,0.21124778610767403,0.946017471337826,2.8272554043986227,0.668073904363034,True,8707,0.21124778610767403,20163,0.489191353082466,12347,0.29956086080986,,,,,,,,,False,,-inf,-inf
0.3,0.6,0.6,41217,3,0.45682606691413735,0.18201227648785695,0.9428350406186576,2.8173878513029655,0.6680212501923772,True,18829,0.45682606691413735,7502,0.18201227648785695,14886,0.3611616565980057,,,,,,,,,False,,-inf,-inf
0.6,1.05,1.0,41217,3,0.4536962903656258,0.17560715238857752,0.9392821424467566,2.80641229492929,0.6611930044697083,True,18700,0.4536962903656258,7238,0.17560715238857752,15279,0.37069655724579664,,,,,,,,,False,,-inf,-inf
0.75,0.75,0.6,41217,3,0.43899361913773444,0.16427687604629157,0.932908127148792,2.7868288393774128,0.6581913840573492,True,16352,0.39672950481597397,6771,0.16427687604629157,18094,0.43899361913773444,,,,,,,,,False,,-inf,-inf
0.3,0.45,0.4,41217,3,0.4494262076327729,0.16696993958803405,0.933776379989532,2.7894883890681568,0.6513201119447931,True,18524,0.4494262076327729,6882,0.16696993958803405,15811,0.38360385277919307,,,,,,,,,False,,-inf,-inf
0.6,0.9,0.8,41217,3,0.4494262076327729,0.16696993958803405,0.933776379989532,2.7894883890681568,0.6513201119447931,True,18524,0.4494262076327729,6882,0.16696993958803405,15811,0.38360385277919307,,,,,,,,,False,,-inf,-inf
0.6,0.75,0.6,41217,3,0.4393575466433753,0.15602785258509838,0.925991513022535,2.76573287861138,0.6426618189642581,True,18109,0.4393575466433753,6431,0.15602785258509838,16677,0.40461460077152633,,,,,,,,,False,,-inf,-inf
0.75,0.6,0.8,41217,3,0.4923453914646869,0.1959870927044666,0.9390143152758622,2.8055866626399664,0.6426560165156419,True,12846,0.3116675158308465,8078,0.1959870927044666,20293,0.4923453914646869,,,,,,,,,False,,-inf,-inf
0.9,1.05,0.8,41217,3,0.4343596088992406,0.1515636751825703,0.9223095986209321,2.7545680950314093,0.6395136649042619,True,17903,0.4343596088992406,6247,0.1515636751825703,17067,0.4140767159181891,,,,,,,,,False,,-inf,-inf
0.6,0.6,0.4,41217,3,0.4387752626343499,0.14198025086736055,0.9130187864047727,2.7265952196179213,0.6162237746377834,True,17280,0.41924448649828955,5852,0.14198025086736055,18085,0.4387752626343499,,,,,,,,,False,,-inf,-inf
0.9,0.9,0.6,41217,3,0.4387752626343499,0.14198025086736055,0.9130187864047727,2.7265952196179213,0.6162237746377834,True,17280,0.41924448649828955,5852,0.14198025086736055,18085,0.4387752626343499,,,,,,,,,False,,-inf,-inf
0.45,1.05,1.0,41217,3,0.4834655603270495,0.1707062619792804,0.9287645169748483,2.774171410020053,0.6160052186270792,True,19927,0.4834655603270495,7036,0.1707062619792804,14254,0.3458281776936701,,,,,,,,,False,,-inf,-inf
0.45,0.9,0.8,41217,3,0.4842419390057501,0.16027367348424193,0.9214050631726645,2.7518321473508385,0.5974367976511562,True,19959,0.4842419390057501,6606,0.16027367348424193,14652,0.355484387510008,,,,,,,,,False,,-inf,-inf
0.75,1.05,0.8,41217,3,0.46745275007885095,0.1445520052405561,0.9124213295475865,2.7248061421355154,0.5895205847092915,True,19267,0.46745275007885095,5958,0.1445520052405561,15992,0.38799524468059293,,,,,,,,,False,,-inf,-inf
0.75,0.9,0.6,41217,3,0.45842734793895723,0.13370696557245795,0.9032899464591498,2.6976079487193574,0.5785695640926506,True,18895,0.45842734793895723,5511,0.13370696557245795,16811,0.4078656864885848,,,,,,,,,False,,-inf,-inf
0.45,0.75,0.6,41217,3,0.48397505883494674,0.1463231191013417,0.9105397814210257,2.719179534808261,0.5728878416874206,True,19948,0.48397505883494674,6031,0.1463231191013417,15238,0.36970182206371155,,,,,,,,,False,,-inf,-inf
0.75,0.75,0.4,41217,3,0.441322755173836,0.12021738603003615,0.8894603533029615,2.656932001980321,0.5683549841591616,True,18190,0.441322755173836,4955,0.12021738603003615,18072,0.4384598587961278,,,,,,,,,False,,-inf,-inf
0.3,1.05,1.0,41217,3,0.5150059441492588,0.16561127690030814,0.913940207505654,2.7293567072875873,0.5645455402567033,True,21227,0.5150059441492588,6826,0.16561127690030814,13164,0.3193827789504331,,,,,,,,,False,,-inf,-inf
0.9,0.75,0.8,41217,3,0.5202465002304875,0.16131693233374578,0.9090173480690747,2.7146353343307514,0.550087780172333,True,13125,0.3184365674357668,6649,0.16131693233374578,21443,0.5202465002304875,,,,,,,,,False,,-inf,-inf
0.6,0.45,0.6,41217,3,0.5335662469369435,0.17167673532765607,0.9082062243973795,2.7122173719573315,0.5463167127880921,True,12149,0.2947570177354004,7076,0.17167673532765607,21992,0.5335662469369435,,,,,,,,,False,,-inf,-inf
0.45,0.6,0.4,41217,3,0.47900138292452143,0.12873328966203265,0.8952777824168461,2.6739670962445254,0.5450096891543572,True,19743,0.47900138292452143,5306,0.12873328966203265,16168,0.3922653274134459,,,,,,,,,False,,-inf,-inf
0.6,1.05,0.8,41217,3,0.5000121309168547,0.13707936045806343,0.8982413867016985,2.6826873257784403,0.5353086162429072,True,20609,0.5000121309168547,5650,0.13707936045806343,14958,0.3629085086250819,,,,,,,,,False,,-inf,-inf
0.3,0.9,0.8,41217,3,0.5225271125991703,0.15314069437368077,0.9026913624246817,2.6958345531318875,0.5333049441991923,True,21537,0.5225271125991703,6312,0.15314069437368077,13368,0.324332193027149,,,,,,,,,False,,-inf,-inf
0.9,1.05,0.6,41217,3,0.4710920251352597,0.11856758133779752,0.885597565495071,2.6456806538851234,0.5330731216976088,True,19417,0.4710920251352597,4887,0.11856758133779752,16913,0.4103403935269428,,,,,,,,,False,,-inf,-inf
0.9,0.9,0.4,41217,3,0.45544314239270206,0.10629109348084528,0.8720062075534797,2.606469791327742,0.5228541586416229,True,18772,0.45544314239270206,4381,0.10629109348084528,18064,0.4382657641264527,,,,,,,,,False,,-inf,-inf
0.6,0.9,0.6,41217,3,0.5004245820899144,0.12397797025499187,0.8857218859727602,2.6460420256383124,0.5092752741378378,True,20626,0.5004245820899144,5110,0.12397797025499187,15481,0.3755974476550938,,,,,,,,,False,,-inf,-inf
0.3,0.75,0.6,41217,3,0.5333721522672683,0.13576922143775627,0.885023955801419,2.6440139381991226,0.48742102497190687,True,21984,0.5333721522672683,5596,0.13576922143775627,13637,0.33085862629497537,,,,,,,,,False,,-inf,-inf
0.6,0.75,0.4,41217,3,0.4934371739816095,0.10842613484727176,0.8702805556346423,2.601533068555422,0.48526951650030464,True,20338,0.4934371739816095,4469,0.10842613484727176,16410,0.3981366911711187,,,,,,,,,False,,-inf,-inf
0.45,1.05,0.8,41217,3,0.5370114273236771,0.12917000266880171,0.8779198640308338,2.623458672186989,0.4700784393759584,True,22134,0.5370114273236771,5324,0.12917000266880171,13759,0.3338185700075212,,,,,,,,,False,,-inf,-inf
0.75,1.05,0.6,41217,3,0.5091588422252954,0.10966348836645073,0.8681089785232141,2.595333933344802,0.4686136246643694,True,20986,0.5091588422252954,4520,0.10966348836645073,15711,0.38117766940825387,,,,,,,,,False,,-inf,-inf
0.75,0.6,0.6,41217,3,0.5547953514326612,0.1409612538515661,0.87844428684404,2.6249705801979824,0.46461018926294473,True,12540,0.3042433947157726,5810,0.1409612538515661,22867,0.5547953514326612,,,,,,,,,False,,-inf,-inf
0.75,0.9,0.4,41217,3,0.5020258631147342,0.09544605381274716,0.8524079513344793,2.5509500292942926,0.4458281420324923,True,20692,0.5020258631147342,3934,0.09544605381274716,16591,0.40252808307251864,,,,,,,,,False,,-inf,-inf
0.3,0.6,0.4,41217,3,0.5431496712521532,0.11422471310381639,0.86139130978163,2.57625057979926,0.4324663516332933,True,22387,0.5431496712521532,4708,0.11422471310381639,14122,0.3426256156440304,,,,,,,,,False,,-inf,-inf
0.45,0.9,0.6,41217,3,0.5431496712521532,0.11422471310381639,0.86139130978163,2.57625057979926,0.4324663516332933,True,22387,0.5431496712521532,4708,0.11422471310381639,14122,0.3426256156440304,,,,,,,,,False,,-inf,-inf
0.9,1.05,0.4,41217,3,0.5067569206880655,0.08724555401897276,0.8403498490899302,2.5173799820051004,0.4208384824208373,True,20887,0.5067569206880655,3596,0.08724555401897276,16734,0.4059975252929616,,,,,,,,,False,,-inf,-inf
0.9,0.75,0.6,41217,3,0.566974791954776,0.12157604871776209,0.8567378642395989,2.563113539413845,0.41133912100258496,True,12837,0.311449159327462,5011,0.12157604871776209,23369,0.566974791954776,,,,,,,,,False,,-inf,-inf
0.3,1.05,0.8,41217,3,0.5746415314069437,0.12109081204357425,0.852017860120935,2.549857030922263,0.3984671407575655,True,23685,0.5746415314069437,4991,0.12109081204357425,12541,0.304267656549482,,,,,,,,,False,,-inf,-inf
0.6,1.05,0.6,41217,3,0.5481476089962879,0.09993449304898465,0.8440224197198142,2.5275574514940065,0.3958093037725109,True,22593,0.5481476089962879,4119,0.09993449304898465,14505,0.35191789795472744,,,,,,,,,False,,-inf,-inf
0.45,0.75,0.4,41217,3,0.54926365334692,0.09442705679695271,0.837094738022265,2.5083936444346957,0.38225814147229775,True,22639,0.54926365334692,3892,0.09442705679695271,14686,0.3563092898561273,,,,,,,,,False,,-inf,-inf
0.6,0.9,0.4,41217,3,0.5495790571851421,0.08426134847271757,0.8240425878917125,2.472681806960847,0.35872487917928797,True,22652,0.5495790571851421,3473,0.08426134847271757,15092,0.3661595943421404,,,,,,,,,False,,-inf,-inf
0.75,1.05,0.4,41217,3,0.549142344178373,0.07809884271053207,0.8156987709477864,2.4501192420939635,0.3446552694799454,True,22634,0.549142344178373,3219,0.07809884271053207,15364,0.37275881311109493,,,,,,,,,False,,-inf,-inf
0.3,0.9,0.6,41217,3,0.5912123638304583,0.10253050925588957,0.8252735609914559,2.4760280304489517,0.3365917064168872,True,24368,0.5912123638304583,4226,0.10253050925588957,12623,0.30625712691365214,,,,,,,,,False,,-inf,-inf
0.6,0.45,0.4,41217,3,0.6073950069146226,0.11286605041609045,0.824144142267963,2.472957696704851,0.32961518576943083,True,11530,0.27973894266928695,4652,0.11286605041609045,25035,0.6073950069146226,,,,,,,,,False,,-inf,-inf
0.45,1.05,0.6,41217,3,0.5913336729990053,0.08913797704830531,0.8107700759192396,2.43688837344715,0.30857437996853954,True,24373,0.5913336729990053,3674,0.08913797704830531,13170,0.3195283499526894,,,,,,,,,False,,-inf,-inf
0.75,0.6,0.4,41217,3,0.6115437804789285,0.09673193099934493,0.8065395844417151,2.4255887993303715,0.29172773496213156,True,12024,0.2917242885217265,3987,0.09673193099934493,25206,0.6115437804789285,,,,,,,,,False,,-inf,-inf
0.9,0.75,0.4,41217,3,0.6115195186452193,0.08685736467962249,0.7960077506824487,2.3976854993517818,0.2713455967168519,True,12432,0.3016231166751583,3580,0.08685736467962249,25205,0.6115195186452193,,,,,,,,,False,,-inf,-inf
0.3,0.75,0.4,41217,3,0.6108887109687751,0.07984569473760827,0.7881156476563432,2.3769865629255036,0.25707263142517645,True,25179,0.6108887109687751,3291,0.07984569473760827,12747,0.3092655942936167,,,,,,,,,False,,-inf,-inf
0.6,1.05,0.4,41217,3,0.5943421403789698,0.06754494504694665,0.7809021289259823,2.3582237210756185,0.25410493359395914,True,24497,0.5943421403789698,2784,0.06754494504694665,13936,0.3381129145740835,,,,,,,,,False,,-inf,-inf
0.45,0.9,0.4,41217,3,0.6018875706625907,0.07230026445398743,0.7836008548831164,2.3652258839937614,0.2540135486745131,True,24808,0.6018875706625907,2980,0.07230026445398743,13429,0.3258121648834219,,,,,,,,,False,,-inf,-inf
0.3,1.05,0.6,41217,3,0.6364121600310552,0.07846277021617294,0.7692259409038761,2.3281665547329062,0.2112765510889939,True,26231,0.6364121600310552,3234,0.07846277021617294,11752,0.2851250697527719,,,,,,,,,False,,-inf,-inf
0.45,1.05,0.4,41217,3,0.642162214620181,0.057427760390130284,0.737095542062268,2.247418491549383,0.15236108783221736,True,26468,0.642162214620181,2367,0.057427760390130284,12382,0.3004100249896887,,,,,,,,,False,,-inf,-inf
0.3,0.9,0.4,41217,3,0.6585146905403111,0.0597326345925225,0.7284910313595265,2.226273695472542,0.12970897541173798,True,27142,0.6585146905403111,2462,0.0597326345925225,11613,0.2817526748671665,,,,,,,,,False,,-inf,-inf
0.3,1.05,0.4,41217,3,0.6967513404663125,0.04471455952640901,0.673968083863479,2.0968361618828437,0.02193130292357548,True,28718,0.6967513404663125,1843,0.04471455952640901,10656,0.25853410000727856,,,,,,,,,False,,-inf,-inf
