algorithm_id,target,feature,spearman_corr,abs_spearman_corr,pair_count
grid_astar,graph_build_share_percent,graph_expanded_nodes,-0.7321251375579907,0.7321251375579907,42337
grid_astar,graph_build_share_percent,scene_metric_clearance,-0.6497069125801151,0.6497069125801151,42337
grid_astar,graph_build_share_percent,graph_edge_count,-0.6401385431385871,0.6401385431385871,42337
grid_astar,graph_build_share_percent,graph_node_count,-0.6348666404427074,0.6348666404427074,42337
grid_astar,graph_build_share_percent,scene_direct_distance,-0.6342329236468055,0.6342329236468055,42337
grid_astar,graph_build_share_percent,graph_edge_per_node,-0.6208062931535913,0.6208062931535913,42337
grid_astar,graph_build_share_percent,scene_area,-0.6178824190302686,0.6178824190302686,42337
grid_astar,graph_build_share_percent,scene_metric_boundary_density,0.4486233908926939,0.4486233908926939,42337
grid_astar,graph_build_share_percent,scene_metric_radii_cv,-0.28907708065748305,0.28907708065748305,42337
grid_astar,graph_build_share_percent,scene_obstacle_count,-0.1883628453084147,0.1883628453084147,42337
grid_astar,graph_build_share_percent,scene_metric_obstacle_area_ratio,0.15808325411240182,0.15808325411240182,42337
grid_astar,graph_build_share_percent,scene_aspect_ratio,0.09792839305849947,0.09792839305849947,42337
grid_astar,graph_build_share_percent,scene_metric_cell_density_cv,-0.09783803798109363,0.09783803798109363,42337
grid_astar,graph_build_share_percent,scene_metric_largest_component_ratio,-0.021805859130649113,0.021805859130649113,42337
grid_dijkstra,graph_build_share_percent,scene_metric_clearance,-0.8492155250095961,0.8492155250095961,42337
grid_dijkstra,graph_build_share_percent,graph_edge_per_node,-0.8447476848613404,0.8447476848613404,42337
grid_dijkstra,graph_build_share_percent,graph_expanded_nodes,-0.8221308877910725,0.8221308877910725,42337
grid_dijkstra,graph_build_share_percent,graph_edge_count,-0.8179635859824143,0.8179635859824143,42337
grid_dijkstra,graph_build_share_percent,graph_node_count,-0.8110257685074698,0.8110257685074698,42337
grid_dijkstra,graph_build_share_percent,scene_metric_boundary_density,0.7895396695746018,0.7895396695746018,42337
grid_dijkstra,graph_build_share_percent,scene_area,-0.7619175700399043,0.7619175700399043,42337
grid_dijkstra,graph_build_share_percent,scene_direct_distance,-0.7545104257359362,0.7545104257359362,42337
grid_dijkstra,graph_build_share_percent,scene_metric_obstacle_area_ratio,0.47494769015858607,0.47494769015858607,42337
grid_dijkstra,graph_build_share_percent,scene_metric_radii_cv,-0.34519240028419695,0.34519240028419695,42337
grid_dijkstra,graph_build_share_percent,scene_metric_largest_component_ratio,-0.3117027609129948,0.3117027609129948,42337
grid_dijkstra,graph_build_share_percent,scene_metric_cell_density_cv,-0.271105110044601,0.271105110044601,42337
grid_dijkstra,graph_build_share_percent,scene_obstacle_count,-0.11612337148651679,0.11612337148651679,42337
grid_dijkstra,graph_build_share_percent,scene_aspect_ratio,0.058683937036746264,0.058683937036746264,42337
visibility_astar,graph_build_share_percent,graph_edge_per_node,-0.7815716297690637,0.7815716297690637,42337
visibility_astar,graph_build_share_percent,scene_metric_largest_component_ratio,-0.7376115847421009,0.7376115847421009,42337
visibility_astar,graph_build_share_percent,scene_metric_obstacle_area_ratio,0.7275100413428495,0.7275100413428495,42337
visibility_astar,graph_build_share_percent,scene_obstacle_count,0.6732948793205413,0.6732948793205413,42337
visibility_astar,graph_build_share_percent,scene_metric_cell_density_cv,-0.6567007644119255,0.6567007644119255,42337
visibility_astar,graph_build_share_percent,graph_expanded_nodes,0.5752094775375973,0.5752094775375973,42337
visibility_astar,graph_build_share_percent,scene_metric_boundary_density,0.49280675905328986,0.49280675905328986,42337
visibility_astar,graph_build_share_percent,scene_area,0.21730454802122606,0.21730454802122606,42337
visibility_astar,graph_build_share_percent,scene_direct_distance,0.20232165211602932,0.20232165211602932,42337
visibility_astar,graph_build_share_percent,scene_metric_clearance,-0.16862937312074586,0.16862937312074586,42337
visibility_astar,graph_build_share_percent,scene_metric_radii_cv,0.0975278280689757,0.0975278280689757,42337
visibility_astar,graph_build_share_percent,graph_node_count,0.05004462330354733,0.05004462330354733,42337
visibility_astar,graph_build_share_percent,graph_edge_count,0.04046156708399219,0.04046156708399219,42337
visibility_astar,graph_build_share_percent,scene_aspect_ratio,0.022351335109869676,0.022351335109869676,42337
visibility_dijkstra,graph_build_share_percent,graph_edge_per_node,-0.8258775374362185,0.8258775374362185,42337
visibility_dijkstra,graph_build_share_percent,scene_metric_largest_component_ratio,-0.7612446254095807,0.7612446254095807,42337
visibility_dijkstra,graph_build_share_percent,scene_metric_obstacle_area_ratio,0.7531463332998494,0.7531463332998494,42337
visibility_dijkstra,graph_build_share_percent,scene_metric_cell_density_cv,-0.6287380036079526,0.6287380036079526,42337
visibility_dijkstra,graph_build_share_percent,scene_obstacle_count,0.5961488305195823,0.5961488305195823,42337
visibility_dijkstra,graph_build_share_percent,scene_metric_boundary_density,0.5204446132582499,0.5204446132582499,42337
visibility_dijkstra,graph_build_share_percent,scene_area,0.18252858188856114,0.18252858188856114,42337
visibility_dijkstra,graph_build_share_percent,scene_direct_distance,0.17338837135422772,0.17338837135422772,42337
visibility_dijkstra,graph_build_share_percent,scene_metric_clearance,-0.17066661980586464,0.17066661980586464,42337
visibility_dijkstra,graph_build_share_percent,scene_metric_radii_cv,0.07905575497646963,0.07905575497646963,42337
visibility_dijkstra,graph_build_share_percent,graph_edge_count,-0.0730300741417092,0.0730300741417092,42337
visibility_dijkstra,graph_build_share_percent,graph_expanded_nodes,-0.06944532994604571,0.06944532994604571,42337
visibility_dijkstra,graph_build_share_percent,graph_node_count,-0.06352635537942404,0.06352635537942404,42337
visibility_dijkstra,graph_build_share_percent,scene_aspect_ratio,0.003332189846785811,0.003332189846785811,42337
grid_astar,graph_search_share_percent,graph_expanded_nodes,0.6297560788461516,0.6297560788461516,42337
grid_astar,graph_search_share_percent,scene_direct_distance,0.3536768561071403,0.3536768561071403,42337
grid_astar,graph_search_share_percent,scene_area,0.31486593014308656,0.31486593014308656,42337
grid_astar,graph_search_share_percent,graph_edge_count,0.3053052977509377,0.3053052977509377,42337
grid_astar,graph_search_share_percent,graph_node_count,0.30322472497371905,0.30322472497371905,42337
grid_astar,graph_search_share_percent,scene_obstacle_count,0.2580168831323419,0.2580168831323419,42337
grid_astar,graph_search_share_percent,scene_metric_clearance,0.2537940280939355,0.2537940280939355,42337
grid_astar,graph_search_share_percent,scene_metric_largest_component_ratio,-0.2441922141574433,0.2441922141574433,42337
grid_astar,graph_search_share_percent,graph_edge_per_node,0.21567467661611575,0.21567467661611575,42337
grid_astar,graph_search_share_percent,scene_metric_obstacle_area_ratio,0.17615023424623477,0.17615023424623477,42337
grid_astar,graph_search_share_percent,scene_metric_radii_cv,0.16714160598234915,0.16714160598234915,42337
grid_astar,graph_search_share_percent,scene_metric_cell_density_cv,-0.10775769845140568,0.10775769845140568,42337
grid_astar,graph_search_share_percent,scene_aspect_ratio,-0.09610857768838932,0.09610857768838932,42337
grid_astar,graph_search_share_percent,scene_metric_boundary_density,-0.011824406768877643,0.011824406768877643,42337
grid_dijkstra,graph_search_share_percent,scene_metric_clearance,0.8380121800628606,0.8380121800628606,42337
grid_dijkstra,graph_search_share_percent,graph_edge_per_node,0.8329348530740515,0.8329348530740515,42337
grid_dijkstra,graph_search_share_percent,graph_expanded_nodes,0.8271176460381335,0.8271176460381335,42337
grid_dijkstra,graph_search_share_percent,graph_edge_count,0.8203272483892633,0.8203272483892633,42337
grid_dijkstra,graph_search_share_percent,graph_node_count,0.8135962800107714,0.8135962800107714,42337
grid_dijkstra,graph_search_share_percent,scene_metric_boundary_density,-0.7764619393967687,0.7764619393967687,42337
grid_dijkstra,graph_search_share_percent,scene_area,0.7657156695820443,0.7657156695820443,42337
grid_dijkstra,graph_search_share_percent,scene_direct_distance,0.7560905349944421,0.7560905349944421,42337
grid_dijkstra,graph_search_share_percent,scene_metric_obstacle_area_ratio,-0.4545261502577218,0.4545261502577218,42337
grid_dijkstra,graph_search_share_percent,scene_metric_radii_cv,0.3401947205318168,0.3401947205318168,42337
grid_dijkstra,graph_search_share_percent,scene_metric_largest_component_ratio,0.2911580078643347,0.2911580078643347,42337
grid_dijkstra,graph_search_share_percent,scene_metric_cell_density_cv,0.25236055464945784,0.25236055464945784,42337
grid_dijkstra,graph_search_share_percent,scene_obstacle_count,0.13199062217671684,0.13199062217671684,42337
grid_dijkstra,graph_search_share_percent,scene_aspect_ratio,-0.04478891669089253,0.04478891669089253,42337
visibility_astar,graph_search_share_percent,scene_obstacle_count,-0.7883732662659094,0.7883732662659094,42337
visibility_astar,graph_search_share_percent,scene_metric_cell_density_cv,0.6746859933017977,0.6746859933017977,42337
visibility_astar,graph_search_share_percent,graph_edge_per_node,0.6713902504257967,0.6713902504257967,42337
visibility_astar,graph_search_share_percent,scene_metric_largest_component_ratio,0.6293471356610888,0.6293471356610888,42337
visibility_astar,graph_search_share_percent,scene_metric_obstacle_area_ratio,-0.624218818862246,0.624218818862246,42337
visibility_astar,graph_search_share_percent,graph_expanded_nodes,-0.4916210035289354,0.4916210035289354,42337
visibility_astar,graph_search_share_percent,scene_metric_boundary_density,-0.41130789058527717,0.41130789058527717,42337
visibility_astar,graph_search_share_percent,scene_area,-0.289296674334008,0.289296674334008,42337
visibility_astar,graph_search_share_percent,graph_node_count,-0.27057167990441666,0.27057167990441666,42337
visibility_astar,graph_search_share_percent,scene_direct_distance,-0.2696446557018496,0.2696446557018496,42337
visibility_astar,graph_search_share_percent,graph_edge_count,-0.26133681185474766,0.26133681185474766,42337
visibility_astar,graph_search_share_percent,scene_metric_radii_cv,-0.17007703549782913,0.17007703549782913,42337
visibility_astar,graph_search_share_percent,scene_metric_clearance,0.12269219135989605,0.12269219135989605,42337
visibility_astar,graph_search_share_percent,scene_aspect_ratio,-0.06328010355220273,0.06328010355220273,42337
visibility_dijkstra,graph_search_share_percent,graph_edge_per_node,0.8363755632070021,0.8363755632070021,42337
visibility_dijkstra,graph_search_share_percent,scene_metric_largest_component_ratio,0.7594182018074991,0.7594182018074991,42337
visibility_dijkstra,graph_search_share_percent,scene_metric_obstacle_area_ratio,-0.7556600866476866,0.7556600866476866,42337
visibility_dijkstra,graph_search_share_percent,scene_metric_cell_density_cv,0.6306834005416346,0.6306834005416346,42337
visibility_dijkstra,graph_search_share_percent,scene_obstacle_count,-0.5892338283929618,0.5892338283929618,42337
visibility_dijkstra,graph_search_share_percent,scene_metric_boundary_density,-0.528302742573291,0.528302742573291,42337
visibility_dijkstra,graph_search_share_percent,scene_area,-0.17510959388506583,0.17510959388506583,42337
visibility_dijkstra,graph_search_share_percent,scene_metric_clearance,0.1718494111062343,0.1718494111062343,42337
visibility_dijkstra,graph_search_share_percent,scene_direct_distance,-0.16601311789094994,0.16601311789094994,42337
visibility_dijkstra,graph_search_share_percent,graph_edge_count,0.08475430611961947,0.08475430611961947,42337
visibility_dijkstra,graph_search_share_percent,graph_expanded_nodes,0.08395282660550334,0.08395282660550334,42337
visibility_dijkstra,graph_search_share_percent,scene_metric_radii_cv,-0.07611121253830679,0.07611121253830679,42337
visibility_dijkstra,graph_search_share_percent,graph_node_count,0.07531696927747245,0.07531696927747245,42337
visibility_dijkstra,graph_search_share_percent,scene_aspect_ratio,0.0006211865523564332,0.0006211865523564332,42337
