config_index,algorithm_id,median_relative_path_length,median_path_length
1,grid_astar,1.0140338138398617,89.45635304463491
1,grid_dijkstra,1.0140338138398617,89.45635304463491
1,rrt,1.0053197918656893,89.21169476116643
1,visibility_astar,1.000097128268012,87.95500051937665
1,visibility_dijkstra,1.000097128268012,87.95500051937665
2,grid_astar,1.034892573189846,104.67569963134193
2,grid_dijkstra,1.034892573189846,104.67569963134193
2,rrt,1.0265698449487872,104.35132684265372
2,visibility_astar,1.0009866508446459,101.05219383705364
2,visibility_dijkstra,1.0009866508446459,101.05219383705364
3,grid_astar,1.0303587316475564,154.73140654644874
3,grid_dijkstra,1.0303587316475564,154.73140654644874
3,rrt,1.023469772004176,154.8440790441372
3,visibility_astar,1.0015477210970771,150.3752448468215
3,visibility_dijkstra,1.0015477210970771,150.3752448468215
4,grid_astar,1.037760422131917,184.2229972584953
4,grid_dijkstra,1.0377604221319172,184.2229972584953
4,rrt,1.0327200382376174,185.31047697108397
4,visibility_astar,1.0035336798821248,178.32155366323337
4,visibility_dijkstra,1.0035336798821248,178.32155366323337
5,grid_astar,1.021459204827568,165.93140969021255
5,grid_dijkstra,1.021459204827568,165.93140969021255
5,rrt,1.0078786878604564,165.303371036031
5,visibility_astar,1.0007341621367214,163.345597200758
5,visibility_dijkstra,1.0007341621367214,163.345597200758
6,grid_astar,1.040293691181398,195.1221552246516
6,grid_dijkstra,1.040293691181398,195.1221552246516
6,rrt,1.028882344454056,194.47362453392768
6,visibility_astar,1.0050547491593216,188.5186149470577
6,visibility_dijkstra,1.0050547491593216,188.5186149470577
7,grid_astar,1.033220942488668,231.1760510376951
7,grid_dijkstra,1.033220942488668,231.1760510376951
7,rrt,1.0364427228217514,233.66787519212176
7,visibility_astar,1.0023220332922598,224.0728719981613
7,visibility_dijkstra,1.0023220332922598,224.0728719981613
8,grid_astar,1.0567528655803988,263.6884854590885
8,grid_dijkstra,1.0567528655803988,263.6884854590885
8,rrt,1.0876844437071846,272.1326441619243
8,visibility_astar,1.006680681916742,250.42012897279656
8,visibility_dijkstra,1.006680681916742,250.42012897279656
9,grid_astar,1.0463082573054567,239.7074791546218
9,grid_dijkstra,1.0463082573054567,239.7074791546218
9,rrt,1.0118534137497694,233.2808661347778
9,visibility_astar,1.0003192716650737,229.2534516507298
9,visibility_dijkstra,1.0003192716650737,229.2534516507298
10,grid_astar,1.046717678035831,274.77638279593236
10,grid_dijkstra,1.0467176780358307,274.7763827959323
10,rrt,1.0167696872717564,268.9504747729433
10,visibility_astar,1.0008642567768886,262.834314265858
10,visibility_dijkstra,1.0008642567768886,262.834314265858
11,grid_astar,1.0531982857225897,274.7171955635747
11,grid_dijkstra,1.0531982857225897,274.7171955635747
11,rrt,1.0317522818943368,272.6533490113885
11,visibility_astar,1.0026516357631055,261.9678218022866
11,visibility_dijkstra,1.0026516357631055,261.9678218022866
12,grid_astar,1.0789390452177807,332.03268423991705
12,grid_dijkstra,1.0789390452177803,332.0326842399169
12,rrt,1.0461613613298109,325.65482867633347
12,visibility_astar,1.0051078499773904,309.80663280077454
12,visibility_dijkstra,1.0051078499773904,309.80663280077454
13,grid_astar,1.0747344888401191,307.21811540671627
13,grid_dijkstra,1.0747344888401198,307.2181154067162
13,rrt,1.0472445921789058,303.7823685054426
13,visibility_astar,1.005994669157264,288.4601763236442
13,visibility_dijkstra,1.005994669157264,288.4601763236442
14,grid_astar,1.0721787910579632,346.49143595899966
14,grid_dijkstra,1.0721787910579637,346.49143595899983
14,rrt,1.029901403920638,338.05774770290753
14,visibility_astar,1.0021654345629714,325.17922342219947
14,visibility_dijkstra,1.0021654345629714,325.17922342219947
15,grid_astar,1.0781287815253178,366.81024225429115
15,grid_dijkstra,1.0781287815253173,366.8102422542911
15,rrt,1.0272767524659754,353.0199959608368
15,visibility_astar,1.0029298127641453,342.5801179206965
15,visibility_dijkstra,1.0029298127641453,342.5801179206965
16,grid_astar,1.0779873670454287,344.9024217899215
16,grid_dijkstra,1.077987367045429,344.9024217899216
16,rrt,1.0381366401572152,337.5595288906053
16,visibility_astar,1.0039654829627311,322.32578718414334
16,visibility_dijkstra,1.0039654829627311,322.32578718414334
17,grid_astar,1.0091046697749677,876.4381252872142
17,grid_dijkstra,1.0091046697749682,876.4381252872145
17,rrt,1.0013263989040961,871.4425598520866
17,visibility_astar,1.0000836995022646,866.8842435586041
17,visibility_dijkstra,1.0000836995022646,866.8842435586041
18,grid_astar,1.0209152630636358,723.2422149586849
18,grid_dijkstra,1.0209152630636362,723.2422149586849
18,rrt,1.0077655020326393,716.7096752813306
18,visibility_astar,1.0009149822899281,709.5571815829509
18,visibility_dijkstra,1.0009149822899281,709.5571815829509
19,grid_astar,1.019721422804503,1010.9426004876236
19,grid_dijkstra,1.0197214228045035,1010.9426004876238
19,rrt,1.0041929866049846,1002.0037163926221
19,visibility_astar,1.0009458728246594,993.744450930694
19,visibility_dijkstra,1.0009458728246594,993.744450930694
20,grid_astar,1.01920672709635,1249.975392542031
20,grid_dijkstra,1.01920672709635,1249.9753925420302
20,rrt,1.009698559498186,1241.8710071162768
20,visibility_astar,1.0009665560628584,1228.1530813905172
20,visibility_dijkstra,1.0009665560628584,1228.1530813905172
21,grid_astar,1.0229823501904498,1223.2763405997844
21,grid_dijkstra,1.0229823501904498,1223.2763405997844
21,rrt,1.0189004267424195,1223.8518999711869
21,visibility_astar,1.0014288546813943,1197.9295043587606
21,visibility_dijkstra,1.0014288546813943,1197.9295043587606
22,grid_astar,1.0201554432043312,1582.9238379880314
22,grid_dijkstra,1.0201554432043312,1582.9238379880314
22,rrt,1.010670513792161,1570.269363677451
22,visibility_astar,1.000896462793623,1551.5736108084434
22,visibility_dijkstra,1.000896462793623,1551.5736108084434
23,grid_astar,1.036661709431251,1742.6955403294965
23,grid_dijkstra,1.036661709431251,1742.6955403294965
23,rrt,1.0070938415107498,1699.8910475440807
23,visibility_astar,1.0007214756242147,1683.9200725560354
23,visibility_dijkstra,1.0007214756242147,1683.9200725560354
24,grid_astar,1.027953436758148,415.0658393149153
24,grid_dijkstra,1.027953436758148,415.06583931491525
24,rrt,1.0129192515123342,413.0694669648127
24,visibility_astar,1.001633190082806,405.2301178524076
24,visibility_dijkstra,1.001633190082806,405.2301178524076
25,grid_astar,1.0850649854666339,254.9673454536662
25,grid_dijkstra,1.0850649854666339,254.9673454536662
25,rrt,1.0739338920597135,253.77592745584857
25,visibility_astar,1.012548780022883,236.8617063787337
25,visibility_dijkstra,1.012548780022883,236.8617063787337
26,grid_astar,1.2556127580737164,136.96662986802903
26,grid_dijkstra,1.2556127580737164,136.96662986802903
26,rrt,1.2698104718687029,139.51991425127324
26,visibility_astar,1.172695010912336,128.03770365055448
26,visibility_dijkstra,1.172695010912336,128.03770365055448
27,grid_astar,1.183732763039973,319.3270218755475
27,grid_dijkstra,1.183732763039973,319.3270218755474
27,rrt,1.2314923350964264,329.93146851344204
27,visibility_astar,1.0828400267752722,292.3020946863736
27,visibility_dijkstra,1.0828400267752722,292.3020946863736
28,grid_astar,1.2913964980602128,173.58218333836902
28,grid_dijkstra,1.2913964980602128,173.58218333836902
28,rrt,1.2792652338527843,171.8384244899504
28,visibility_astar,1.2159764465111156,163.01150022498717
28,visibility_dijkstra,1.2159764465111156,163.01150022498717
29,grid_astar,1.386319723064169,170.7326643378022
29,grid_dijkstra,1.386319723064169,170.7326643378022
29,rrt,1.3688606884221841,168.13174427266767
29,visibility_astar,1.254822804908038,155.48575097091447
29,visibility_dijkstra,1.254822804908038,155.48575097091447
30,grid_astar,1.202310283750252,145.59349750521125
30,grid_dijkstra,1.202310283750252,145.59349750521125
30,rrt,1.1720717350774077,142.48112296621207
30,visibility_astar,1.0251947946628484,124.02320390492912
30,visibility_dijkstra,1.0251947946628484,124.02320390492912
31,grid_astar,1.2092698763962784,400.67596613966464
31,grid_dijkstra,1.2092698763962781,400.67596613966464
31,rrt,1.2819640742321279,421.9327633192719
31,visibility_astar,1.108308188141462,365.7302270523078
31,visibility_dijkstra,1.108308188141462,365.7302270523078
32,grid_astar,1.1230399852599335,213.81376777474253
32,grid_dijkstra,1.1230399852599333,213.81376777474247
32,rrt,1.1440261437431625,217.34008699131277
32,visibility_astar,1.0256160754524277,194.5494065977922
32,visibility_dijkstra,1.0256160754524277,194.5494065977922
33,grid_astar,1.266786236443449,283.631470083834
33,grid_dijkstra,1.2667862364434488,283.631470083834
33,rrt,1.2839901311060924,286.8410635283461
33,visibility_astar,1.170107798223654,262.9516606557978
33,visibility_dijkstra,1.170107798223654,262.9516606557978
34,grid_astar,1.248853800123607,228.4121283271108
34,grid_dijkstra,1.248853800123607,228.4121283271108
34,rrt,1.2381955330088967,226.92735344155258
34,visibility_astar,1.1636006554466372,213.25735053888673
34,visibility_dijkstra,1.1636006554466372,213.25735053888673
35,grid_astar,1.1037530586443625,204.20744290802534
35,grid_dijkstra,1.1037530586443625,204.20744290802534
35,rrt,1.10280765711236,204.65278703075296
35,visibility_astar,1.0244064347627377,188.50334345557994
35,visibility_dijkstra,1.0244064347627377,188.50334345557994
36,grid_astar,1.0819429030061687,259.467798149248
36,grid_dijkstra,1.0819429030061687,259.46779814924804
36,rrt,1.1100700503858993,266.81074909439985
36,visibility_astar,1.0180677900590136,243.9292100042842
36,visibility_dijkstra,1.0180677900590136,243.9292100042842
37,grid_astar,1.1806832716767073,279.99972633113566
37,grid_dijkstra,1.180683271676707,279.9997263311357
37,rrt,1.2004202597646678,283.2146618350709
37,visibility_astar,1.0923194611594198,258.59343614472436
37,visibility_dijkstra,1.0923194611594198,258.59343614472436
38,grid_astar,1.1046637526105578,679.0647805818708
38,grid_dijkstra,1.1046637526105578,679.0647805818708
38,rrt,1.1840368405679287,724.6490306755359
38,visibility_astar,1.033905551163252,634.9359961963008
38,visibility_dijkstra,1.033905551163252,634.9359961963008
39,grid_astar,1.0965876075555938,406.1670393544254
39,grid_dijkstra,1.0965876075555934,406.1670393544253
39,rrt,1.123373409414116,417.686757252426
39,visibility_astar,1.023454580399638,378.5854488404474
39,visibility_dijkstra,1.023454580399638,378.5854488404474
40,grid_astar,1.1327092260800218,1809.7071898789163
40,grid_dijkstra,1.132709226080022,1809.7071898789163
40,rrt,1.2125755682264667,1927.5621502627525
40,visibility_astar,1.0648436415212972,1704.6835984254762
40,visibility_dijkstra,1.0648436415212972,1704.6835984254762
41,grid_astar,1.083578662860041,407.23223491830174
41,grid_dijkstra,1.0835786628600408,407.23223491830174
41,rrt,1.1296650211331143,424.868526425466
41,visibility_astar,1.0188125329496596,381.94313473899444
41,visibility_dijkstra,1.0188125329496596,381.94313473899444
42,grid_astar,1.2721988843610839,657.2209501018398
42,grid_dijkstra,1.2721988843610839,657.2209501018398
42,rrt,1.318890548272509,681.4322497013968
42,visibility_astar,1.1907163226776727,614.4945215416228
42,visibility_dijkstra,1.1907163226776727,614.4945215416228
43,grid_astar,1.08276599801531,1049.3339376486738
43,grid_dijkstra,1.0827659980153097,1049.3339376486738
43,rrt,1.1709434314809046,1134.7073476494488
43,visibility_astar,1.0228031994142834,990.8067550039152
43,visibility_dijkstra,1.0228031994142834,990.8067550039152
44,grid_astar,1.044596635823095,1135.4533463340963
44,grid_dijkstra,1.044596635823095,1135.4533463340958
44,rrt,1.0978977853298877,1195.2561006629812
44,visibility_astar,1.0079387622610585,1095.7919649942478
44,visibility_dijkstra,1.0079387622610585,1095.7919649942478
45,grid_astar,1.0755415812787,628.5960662987768
45,grid_dijkstra,1.0755415812787001,628.5960662987768
45,rrt,1.1057555967045438,649.341192028297
45,visibility_astar,1.018711920366054,595.6437784670546
45,visibility_dijkstra,1.018711920366054,595.6437784670546
46,grid_astar,1.0653042107947766,755.9075412762437
46,grid_dijkstra,1.065304210794777,755.9075412762437
46,rrt,1.0899488849144354,773.79542635192
46,visibility_astar,1.018593775258997,723.271750048433
46,visibility_dijkstra,1.018593775258997,723.271750048433
47,grid_astar,1.0662714713147403,592.2637006269723
47,grid_dijkstra,1.0662714713147403,592.2637006269724
47,rrt,1.0485906458041325,584.6437123489318
47,visibility_astar,1.011176437879212,561.1815919571778
47,visibility_dijkstra,1.011176437879212,561.1815919571778
48,grid_astar,1.05849083404628,581.3458904860945
48,grid_dijkstra,1.05849083404628,581.3458904860945
48,rrt,1.0871657716684702,598.6049207246532
48,visibility_astar,1.01080203165386,555.3656851388278
48,visibility_dijkstra,1.01080203165386,555.3656851388278
49,grid_astar,1.1961871307180705,191.5183503885511
49,grid_dijkstra,1.1961871307180707,191.5183503885511
49,rrt,1.213996680043976,194.35089193007198
49,visibility_astar,1.0959583928365915,176.86153592027193
49,visibility_dijkstra,1.0959583928365915,176.86153592027193
50,grid_astar,1.0980898086914148,804.2369324528652
50,grid_dijkstra,1.098089808691415,804.2369324528654
50,rrt,1.2149591125976045,882.6373410345593
50,visibility_astar,1.0279894455644798,752.7767015580235
50,visibility_dijkstra,1.0279894455644798,752.7767015580235
51,grid_astar,1.0628844008090992,1297.6769224379827
51,grid_dijkstra,1.0628844008090979,1297.6769224379814
51,rrt,1.1054877173139936,1409.1455613834878
51,visibility_astar,1.0047611990865348,1215.968238387145
51,visibility_dijkstra,1.0047611990865348,1215.968238387145
52,grid_astar,1.0606928037792063,1927.7837606431874
52,grid_dijkstra,1.060692803779206,1927.7837606431863
52,rrt,1.1235856173894256,2030.3717771578797
52,visibility_astar,1.0160572038838058,1849.9408356892513
52,visibility_dijkstra,1.0160572038838058,1849.9408356892513
53,grid_astar,1.0583506566777996,1800.2742651672975
53,grid_dijkstra,1.0583506566778,1800.274265167298
53,rrt,1.0852586564228057,1851.3953227388008
53,visibility_astar,1.0076207208847885,1716.2599108071313
53,visibility_dijkstra,1.0076207208847885,1716.2599108071313
