config_index,config_name,algorithm_id,runs,runtime_ms_median,build_ms_median,search_ms_median,build_share_percent_median,search_share_percent_median,obstacle_count_median,nodes_median,edges_median
1,final53_compact_uniform_micro_open,grid_astar,800,0.4528,0.39835,0.029449999999999997,88.67412557537622,6.306526106627345,40.0,660.0,4752.0
1,final53_compact_uniform_micro_open,grid_dijkstra,800,0.4986,0.41505000000000003,0.059,83.78911254650838,11.746281047584507,40.0,660.0,4752.0
1,final53_compact_uniform_micro_open,visibility_astar,800,13.93445,13.483450000000001,0.1286,96.99744758765337,0.9271085653287517,40.0,3771.5,11378.0
1,final53_compact_uniform_micro_open,visibility_dijkstra,800,14.62035,13.6396,0.66875,94.03527003569057,4.450274176340725,40.0,3771.5,11378.0
2,final53_compact_uniform_micro_balanced_dense,grid_astar,800,0.6586,0.58545,0.0427,89.26251893800017,6.349079266174899,106.5,839.0,5642.0
2,final53_compact_uniform_micro_balanced_dense,grid_dijkstra,800,0.72315,0.61535,0.0782,85.29814684041796,10.773240408404904,106.5,839.0,5642.0
2,final53_compact_uniform_micro_balanced_dense,visibility_astar,800,88.66929999999999,86.58840000000001,0.41355,98.00773286357054,0.47638001224611304,106.5,12596.0,37828.0
2,final53_compact_uniform_micro_balanced_dense,visibility_dijkstra,800,91.27510000000001,86.73505,3.0627500000000003,95.16626482049038,3.421194613082502,106.5,12596.0,37828.0
3,final53_compact_uniform_dense_wide_radii,grid_astar,800,1.1752,1.0293,0.08105000000000001,88.25994476351046,6.711972715024669,71.0,1681.0,11980.0
3,final53_compact_uniform_dense_wide_radii,grid_dijkstra,800,1.2883,1.0671499999999998,0.1571,83.24325962422091,12.146006698308753,71.0,1681.0,11980.0
3,final53_compact_uniform_dense_wide_radii,visibility_astar,800,40.76135,39.644800000000004,0.21835,97.99206915507784,0.5548500863718853,71.0,6318.0,19004.0
3,final53_compact_uniform_dense_wide_radii,visibility_dijkstra,800,41.40205,39.40775,1.3237,95.65421743475318,3.200302816542646,71.0,6318.0,19004.0
4,final53_compact_mixed_scale_patchy_large,grid_astar,800,1.50765,1.3065,0.11365,87.47013895928129,7.250909259231569,52.0,2224.5,16004.0
4,final53_compact_mixed_scale_patchy_large,grid_dijkstra,800,1.6428500000000001,1.3402,0.21125,82.5737799399378,12.684986250283744,52.0,2224.5,16004.0
4,final53_compact_mixed_scale_patchy_large,visibility_astar,800,20.3289,19.88675,0.1205,98.16933414185296,0.5833264380103005,52.0,3349.5,10072.0
4,final53_compact_mixed_scale_patchy_large,visibility_dijkstra,800,20.782600000000002,19.9035,0.5856,96.3604798621121,2.7663417273208557,52.0,3349.5,10072.0
5,final53_medium_large_disks_sparse_plus,grid_astar,800,1.2747,1.1111499999999999,0.0881,87.63109716889798,6.662271367956785,16.0,2066.0,15558.0
5,final53_medium_large_disks_sparse_plus,grid_dijkstra,800,1.3884500000000002,1.1272,0.1857,81.58366084523574,13.322565908819207,16.0,2066.0,15558.0
5,final53_medium_large_disks_sparse_plus,visibility_astar,800,2.0063000000000004,1.9585,0.0219,97.78316453979095,1.095131406649699,16.0,621.0,1888.0
5,final53_medium_large_disks_sparse_plus,visibility_dijkstra,800,2.0938499999999998,1.9931,0.07435,95.42562755501822,3.5576653120586292,16.0,621.0,1888.0
6,final53_medium_large_disks_dense_anchor_mix,grid_astar,800,1.5764,1.37195,0.1202,87.40228087389826,7.408923389952092,24.0,2312.0,16913.0
6,final53_medium_large_disks_dense_anchor_mix,grid_dijkstra,800,1.6843499999999998,1.3953,0.2103,82.7974034939749,12.456180814341083,24.0,2312.0,16913.0
6,final53_medium_large_disks_dense_anchor_mix,visibility_astar,800,4.2763,4.19515,0.03505,98.32078785569935,0.7781420092600492,24.0,926.5,2794.0
6,final53_medium_large_disks_dense_anchor_mix,visibility_dijkstra,800,4.43435,4.2531,0.1238,96.5303540759093,2.6924682210735087,24.0,926.5,2794.0
7,final53_medium_center_cluster_soft_reroute,grid_astar,800,2.083,1.7802,0.171,86.03889456763537,7.967823131429293,35.0,3381.0,25479.0
7,final53_medium_center_cluster_soft_reroute,grid_dijkstra,800,2.29705,1.8307,0.33895,80.13087027999526,14.761857347603524,35.0,3381.0,25479.0
7,final53_medium_center_cluster_soft_reroute,visibility_astar,800,7.3137,7.1731,0.06315000000000001,97.94898181071562,0.8660903241189467,35.0,1656.5,5000.0
7,final53_medium_center_cluster_soft_reroute,visibility_dijkstra,800,7.5828500000000005,7.1871,0.2639,95.5765202221721,3.526231278728777,35.0,1656.5,5000.0
8,final53_medium_center_cluster_hard_varied,grid_astar,800,2.6755,2.271,0.2329,85.77349568599294,8.431951405764057,67.0,3840.0,27882.0
8,final53_medium_center_cluster_hard_varied,grid_dijkstra,800,2.92275,2.3114,0.4244,80.80391272719888,14.359900845967896,67.0,3840.0,27882.0
8,final53_medium_center_cluster_hard_varied,visibility_astar,800,24.449199999999998,24.08295,0.1232,98.6359260438108,0.5092902282195046,67.0,3041.0,9152.0
8,final53_medium_center_cluster_hard_varied,visibility_dijkstra,800,24.71765,23.907200000000003,0.55985,97.13022520728634,2.243363195278737,67.0,3041.0,9152.0
9,final53_wide_vertical_band_micro_porous,grid_astar,800,2.34075,1.9404,0.20755,84.34037155551934,8.270620791149913,60.0,3629.0,27435.0
9,final53_wide_vertical_band_micro_porous,grid_dijkstra,800,2.5634,1.9943499999999998,0.40085,79.60138134382336,15.112979730550595,60.0,3629.0,27435.0
9,final53_wide_vertical_band_micro_porous,visibility_astar,800,23.1259,22.477,0.1604,97.42232638690194,0.7208215921125485,60.0,4831.5,14558.0
9,final53_wide_vertical_band_micro_porous,visibility_dijkstra,800,23.892,22.28105,1.0680999999999998,94.0978960125243,4.492253852617465,60.0,4831.5,14558.0
10,final53_wide_vertical_band_barrier_plus,grid_astar,800,2.7211499999999997,2.2742500000000003,0.2432,84.52523925564853,8.614949186196608,52.0,4389.0,33162.0
10,final53_wide_vertical_band_barrier_plus,grid_dijkstra,800,2.96565,2.3203,0.461,79.37007148594233,15.354778401830488,52.0,4389.0,33162.0
10,final53_wide_vertical_band_barrier_plus,visibility_astar,800,11.38255,11.11225,0.08745,97.86699296472169,0.7688791471166894,52.0,2538.0,7664.0
10,final53_wide_vertical_band_barrier_plus,visibility_dijkstra,800,11.94895,11.35735,0.45589999999999997,95.23792289500335,3.8053739208795823,52.0,2538.0,7664.0
11,final53_tall_horizontal_clustered_porous,grid_astar,800,2.5113000000000003,2.1116,0.2338,84.61351907225617,9.183857890541377,58.0,3920.0,29346.0
11,final53_tall_horizontal_clustered_porous,grid_dijkstra,800,2.67345,2.1627,0.35635,81.57223247566418,13.234458043744052,58.0,3920.0,29346.0
11,final53_tall_horizontal_clustered_porous,visibility_astar,800,16.0952,15.753,0.1018,98.25560145657585,0.6403567755306272,58.0,2795.5,8349.0
11,final53_tall_horizontal_clustered_porous,visibility_dijkstra,800,16.40965,15.7927,0.46655,96.34864773008925,2.882902080481329,58.0,2795.5,8349.0
12,final53_tall_horizontal_clustered_barrier,grid_astar,800,3.1821,2.56905,0.4074,81.50119916485059,12.669665983621062,69.0,4691.0,35066.0
12,final53_tall_horizontal_clustered_barrier,grid_dijkstra,800,3.2687,2.6214500000000003,0.45705,81.0257295031423,13.81153278265412,69.0,4691.0,35066.0
12,final53_tall_horizontal_clustered_barrier,visibility_astar,800,20.2715,19.92745,0.10725000000000001,98.63188454393551,0.5305159853897765,69.0,2655.0,7919.0
12,final53_tall_horizontal_clustered_barrier,visibility_dijkstra,800,20.4815,19.9506,0.4488,97.21788784525882,2.2052955318905805,69.0,2655.0,7919.0
13,final53_tall_corner_cluster_soft_heavier,grid_astar,800,3.83045,3.07815,0.4746,81.18881290605057,12.16117645608809,44.0,5832.0,44439.0
13,final53_tall_corner_cluster_soft_heavier,grid_dijkstra,800,4.0335,3.1191000000000004,0.6709499999999999,78.43093747459642,16.31810309468969,44.0,5832.0,44439.0
13,final53_tall_corner_cluster_soft_heavier,visibility_astar,800,7.8107,7.675649999999999,0.05335,98.46231895958172,0.6836178437773166,44.0,1287.5,3828.0
13,final53_tall_corner_cluster_soft_heavier,visibility_dijkstra,800,7.797000000000001,7.5702,0.1563,97.35048824204628,1.9642364104778758,44.0,1287.5,3828.0
14,final53_tall_corner_cluster_dense,grid_astar,800,5.4765,4.14825,0.7413,77.87583256085419,13.319486133712141,42.0,7420.0,56984.0
14,final53_tall_corner_cluster_dense,grid_dijkstra,800,5.8805,4.19205,1.1541,74.15862111553467,19.62732369145052,42.0,7420.0,56984.0
14,final53_tall_corner_cluster_dense,visibility_astar,800,9.406600000000001,9.174949999999999,0.07785,97.80550141919822,0.8150951128322607,42.0,1974.5,5956.0
14,final53_tall_corner_cluster_dense,visibility_dijkstra,800,9.871749999999999,9.3818,0.274,96.24353742093592,2.721054840450838,42.0,1974.5,5956.0
15,final53_wide_offset_mass_soft,grid_astar,800,5.61615,4.3233,0.64655,79.87606641170426,11.407276687841922,45.0,7580.5,57750.0
15,final53_wide_offset_mass_soft,grid_dijkstra,800,6.1068,4.366899999999999,1.10845,75.60188043760367,18.53133722603762,45.0,7580.5,57750.0
15,final53_wide_offset_mass_soft,visibility_astar,800,13.18295,12.84505,0.0935,97.82591061932898,0.7444275119357519,45.0,2444.5,7369.0
15,final53_wide_offset_mass_soft,visibility_dijkstra,800,13.64885,12.963000000000001,0.45420000000000005,95.55445180959899,3.4412260066707883,45.0,2444.5,7369.0
16,final53_wide_corner_arc_dense,grid_astar,800,5.14075,3.9584,0.64345,79.86884466215923,12.293700468788618,52.0,7098.5,53849.0
16,final53_wide_corner_arc_dense,grid_dijkstra,800,5.48485,3.99175,1.0477,75.76464899858895,19.045510840247438,52.0,7098.5,53849.0
16,final53_wide_corner_arc_dense,visibility_astar,800,14.0347,13.711400000000001,0.0964,98.19975483749238,0.6884170166036929,52.0,2439.0,7335.0
16,final53_wide_corner_arc_dense,visibility_dijkstra,800,14.1228,13.6258,0.34825,96.72902500132693,2.4503957197594612,52.0,2439.0,7335.0
17,final53_large_square_open_long_plus,grid_astar,800,35.869749999999996,28.29705,2.5311000000000003,78.87844455075101,6.985037294328766,36.0,45926.5,362790.0
17,final53_large_square_open_long_plus,grid_dijkstra,800,44.747,28.386499999999998,11.171399999999998,63.60541093538892,25.20219944181185,36.0,45926.5,362790.0
17,final53_large_square_open_long_plus,visibility_astar,800,13.33615,12.798200000000001,0.1293,96.6432456450797,0.9954503490308158,36.0,3228.5,9747.0
17,final53_large_square_open_long_plus,visibility_dijkstra,800,13.7366,12.7493,0.6456999999999999,93.59199386188072,4.652715579146935,36.0,3228.5,9747.0
18,final53_large_square_dense_multiscale,grid_astar,800,23.7432,18.7792,2.0642,79.92513572783479,8.548269705820822,57.0,32157.5,251467.0
18,final53_large_square_dense_multiscale,grid_dijkstra,800,28.1666,18.90475,6.49165,67.5212041473889,22.9892953737046,57.0,32157.5,251467.0
18,final53_large_square_dense_multiscale,visibility_astar,800,28.11135,27.32775,0.19605,97.45891450691823,0.732275565732847,57.0,5115.5,15396.0
18,final53_large_square_dense_multiscale,visibility_dijkstra,800,28.843850000000003,27.13525,1.0965,94.7144411573092,3.8667054809980552,57.0,5115.5,15396.0
19,final53_huge_square_sparse_clustered_giants,grid_astar,800,47.1631,36.42445,4.351,77.95892048355519,8.867227478467743,26.0,60974.5,481308.0
19,final53_huge_square_sparse_clustered_giants,grid_dijkstra,800,57.4263,36.918,14.34685,64.21688292957217,25.01881155357196,26.0,60974.5,481308.0
19,final53_huge_square_sparse_clustered_giants,visibility_astar,800,5.7172,5.524850000000001,0.0557,97.11788071291363,0.9980810934790697,26.0,1379.0,4170.0
19,final53_huge_square_sparse_clustered_giants,visibility_dijkstra,800,5.9344,5.53345,0.23809999999999998,94.64614052103208,3.9751416018771373,26.0,1379.0,4170.0
20,final53_huge_square_crowded_plus,grid_astar,800,70.08245,55.00565,6.2803,79.04736384604044,8.818264053727336,121.0,91344.0,717615.0
20,final53_huge_square_crowded_plus,grid_dijkstra,800,83.8788,55.353750000000005,19.860799999999998,66.19783468283217,23.65847282274577,121.0,91344.0,717615.0
20,final53_huge_square_crowded_plus,visibility_astar,800,127.53725,124.97319999999999,0.55655,98.10393603827406,0.4535244901221396,121.0,14931.5,44783.0
20,final53_huge_square_crowded_plus,visibility_dijkstra,800,130.5027,124.44,4.2958,95.24159410977734,3.380441913385263,121.0,14931.5,44783.0
21,final53_ultra_wide_open_midband,grid_astar,800,20.852449999999997,16.00515,2.42295,77.0067095890407,11.454765225180365,49.0,27725.0,215913.0
21,final53_ultra_wide_open_midband,grid_dijkstra,800,23.4285,15.99305,5.02585,68.75095371796652,21.49144164882734,49.0,27725.0,215913.0
21,final53_ultra_wide_open_midband,visibility_astar,800,13.571100000000001,13.250499999999999,0.12545,97.55293919704735,0.9506175896382927,49.0,2439.5,7339.0
21,final53_ultra_wide_open_midband,visibility_dijkstra,800,13.6489,13.1195,0.3954,96.02433666115968,2.925203655236463,49.0,2439.5,7339.0
22,final53_ultra_wide_long_route_dense,grid_astar,800,31.137900000000002,23.7057,3.71095,76.80517178255985,11.84602847295977,75.5,40735.5,317455.0
22,final53_ultra_wide_long_route_dense,grid_dijkstra,800,34.6263,23.850749999999998,7.3595500000000005,69.18747220843927,21.16733096833073,75.5,40735.5,317455.0
22,final53_ultra_wide_long_route_dense,visibility_astar,800,37.1527,36.3116,0.23504999999999998,97.88098187395951,0.6638155607202413,75.5,5216.0,15645.0
22,final53_ultra_wide_long_route_dense,visibility_dijkstra,800,37.96485,36.37125,0.9943,96.14011768069798,2.727526085515219,75.5,5216.0,15645.0
23,final53_ultra_tall_shelf_ladder,grid_astar,800,46.00155,30.21745,10.8017,65.67847841894458,23.415036913724137,64.0,53256.0,418033.0
23,final53_ultra_tall_shelf_ladder,grid_dijkstra,800,46.0697,30.07,10.840499999999999,65.64296242989786,23.494538339582594,64.0,53256.0,418033.0
23,final53_ultra_tall_shelf_ladder,visibility_astar,800,18.11065,17.6173,0.1415,97.86118997358815,0.8122559697398372,64.0,2919.0,8794.0
23,final53_ultra_tall_shelf_ladder,visibility_dijkstra,800,18.5576,17.81165,0.4813,96.38863287584638,2.6432508205554415,64.0,2919.0,8794.0
24,final53_goal_region_pressure,grid_astar,800,9.588650000000001,7.4444,0.87575,79.19653952361293,9.013104117695622,32.0,13727.0,107011.0
24,final53_goal_region_pressure,grid_dijkstra,800,11.03465,7.464,2.4116999999999997,69.81782409536294,22.441737550532565,32.0,13727.0,107011.0
24,final53_goal_region_pressure,visibility_astar,800,5.59035,5.44785,0.04995,97.76905781043622,0.910577403175892,32.0,1319.0,3984.0
24,final53_goal_region_pressure,visibility_dijkstra,800,5.79255,5.516349999999999,0.1469,96.27379381914275,2.6614704085931775,32.0,1319.0,3984.0
25,final53_compact_rectangular_pressure_plus,grid_astar,800,2.0238,1.71265,0.1997,85.39662726789862,9.677943837816954,56.0,2737.5,18827.0
25,final53_compact_rectangular_pressure_plus,grid_dijkstra,800,2.18055,1.8065,0.2573,83.97862853394784,11.563665582965628,56.0,2737.5,18827.0
25,final53_compact_rectangular_pressure_plus,visibility_astar,800,14.06995,13.7698,0.0827,98.58554383596385,0.578736870936552,56.0,2055.5,6158.0
25,final53_compact_rectangular_pressure_plus,visibility_dijkstra,800,14.2677,13.835550000000001,0.30065,97.27261757024671,2.064519535676265,56.0,2055.5,6158.0
26,final53_compact_boulder_field_heavy,grid_astar,750,0.4079,0.3654,0.029449999999999997,90.13674616111072,7.242874041586594,47.0,388.0,2264.0
26,final53_compact_boulder_field_heavy,grid_dijkstra,750,0.4109,0.3796,0.017050000000000003,93.32331760241132,4.167374128875573,47.0,388.0,2264.0
26,final53_compact_boulder_field_heavy,visibility_astar,750,4.1086,4.07835,0.01815,99.27504942072673,0.43537492819785406,47.0,261.0,703.0
26,final53_compact_boulder_field_heavy,visibility_dijkstra,750,4.11445,4.077400000000001,0.02155,99.2278344437681,0.5223916417525543,47.0,261.0,703.0
27,final53_large_boulder_field_overgrown,grid_astar,800,2.56645,2.194,0.23995,86.7455307277271,9.215247863177296,107.0,2930.5,19907.0
27,final53_large_boulder_field_overgrown,grid_dijkstra,800,2.6344,2.28285,0.25315,86.73305372419287,9.501159818592456,107.0,2930.5,19907.0
27,final53_large_boulder_field_overgrown,visibility_astar,800,35.57025,35.423249999999996,0.07105,99.5902537737643,0.20663833683770932,107.0,1331.0,3796.0
27,final53_large_boulder_field_overgrown,visibility_dijkstra,800,35.698049999999995,35.482,0.1681,99.36993176024237,0.4681255864927921,107.0,1331.0,3796.0
28,final53_compact_center_mass_extreme,grid_astar,800,0.71615,0.5983,0.0833,84.33183486787928,11.33165293854763,49.0,916.0,6560.0
28,final53_compact_center_mass_extreme,grid_dijkstra,800,0.74425,0.62875,0.0801,85.2254392368103,10.661117299574737,49.0,916.0,6560.0
28,final53_compact_center_mass_extreme,visibility_astar,800,3.3015,3.28855,0.0084,99.54964711696408,0.258833642503339,49.0,75.0,191.0
28,final53_compact_center_mass_extreme,visibility_dijkstra,800,3.2994000000000003,3.2851,0.009,99.5372688088305,0.2746463897959893,49.0,75.0,191.0
29,final53_compact_goal_basin_broader,grid_astar,788,0.6784,0.53285,0.11795,79.03982626870726,17.129665465463386,45.0,802.5,5468.0
29,final53_compact_goal_basin_broader,grid_dijkstra,788,0.66775,0.56675,0.0715,85.34265080661906,10.573554226643466,45.0,802.5,5468.0
29,final53_compact_goal_basin_broader,visibility_astar,788,3.95345,3.9144,0.026,99.05843256003521,0.667924558240812,45.0,229.0,625.0
29,final53_compact_goal_basin_broader,visibility_dijkstra,788,3.9066,3.86665,0.025,99.06487106837471,0.6523534948524057,45.0,229.0,625.0
30,final53_compact_vertical_wall_band_loose,grid_astar,800,0.6357,0.54705,0.0587,86.69039398490241,9.071695517726727,49.0,801.0,4864.0
30,final53_compact_vertical_wall_band_loose,grid_dijkstra,800,0.66195,0.56955,0.0631,86.56659299723808,9.400510387243543,49.0,801.0,4864.0
30,final53_compact_vertical_wall_band_loose,visibility_astar,800,10.2963,10.1856,0.0514,98.91961893845402,0.5114443712799885,49.0,1149.5,3448.0
30,final53_compact_vertical_wall_band_loose,visibility_dijkstra,800,10.44065,10.2208,0.15635,97.9831087854615,1.5242151759303346,49.0,1149.5,3448.0
31,final53_rectangular_boulder_field_overgrown,grid_astar,800,3.42,2.92575,0.3227,86.86424895763363,9.237968443526281,140.0,3659.5,24712.0
31,final53_rectangular_boulder_field_overgrown,grid_dijkstra,800,3.4549000000000003,3.00945,0.32345,87.20059728588456,9.14840483208637,140.0,3659.5,24712.0
31,final53_rectangular_boulder_field_overgrown,visibility_astar,800,67.2714,67.08775,0.1003,99.71788212170146,0.1507553987966299,140.0,1633.0,4644.0
31,final53_rectangular_boulder_field_overgrown,visibility_dijkstra,800,68.17314999999999,67.93285,0.20679999999999998,99.5866500030773,0.30394050239776044,140.0,1633.0,4644.0
32,final53_medium_boulder_field_heavy,grid_astar,800,1.21775,1.0482,0.1073,87.35475426434422,8.460276017298863,62.0,1383.0,8327.0
32,final53_medium_boulder_field_heavy,grid_dijkstra,800,1.2806,1.0902,0.13045,86.04305498951413,10.090823568693375,62.0,1383.0,8327.0
32,final53_medium_boulder_field_heavy,visibility_astar,800,17.39525,17.186349999999997,0.07375000000000001,98.92973728894871,0.43179711420862377,62.0,1628.0,4862.0
32,final53_medium_boulder_field_heavy,visibility_dijkstra,800,17.575650000000003,17.1861,0.2579,98.02545971105911,1.4696489617600377,62.0,1628.0,4862.0
33,final53_medium_multi_cluster_passages,grid_astar,800,1.9925,1.5901999999999998,0.25115,82.78260688944455,12.059062832720436,47.0,2506.0,18286.0
33,final53_medium_multi_cluster_passages,grid_dijkstra,800,2.1076,1.6715,0.25,83.23683347725648,11.999902639446315,47.0,2506.0,18286.0
33,final53_medium_multi_cluster_passages,visibility_astar,800,5.44505,5.3873999999999995,0.024849999999999997,99.22148066210605,0.4521222344539595,47.0,293.0,814.0
33,final53_medium_multi_cluster_passages,visibility_dijkstra,800,5.4355,5.382899999999999,0.0352,99.057459547393,0.6374250595723953,47.0,293.0,814.0
34,final53_medium_offset_mass_maze,grid_astar,800,1.3956499999999998,1.1036,0.2232,79.36056828150026,15.902996706264547,64.0,2007.0,15064.0
34,final53_medium_offset_mass_maze,grid_dijkstra,800,1.3933499999999999,1.1421,0.1805,82.25586846652602,12.97136403467493,64.0,2007.0,15064.0
34,final53_medium_offset_mass_maze,visibility_astar,800,5.30745,5.29295,0.0083,99.73176051029348,0.1552139299453791,64.0,81.0,208.0
34,final53_medium_offset_mass_maze,visibility_dijkstra,800,5.333349999999999,5.31975,0.0089,99.72256157666446,0.16774913190379154,64.0,81.0,208.0
35,final53_medium_vertical_broken_mass,grid_astar,800,1.5747499999999999,1.3326500000000001,0.14895,85.20978215977857,9.38918384706022,56.0,2343.0,17134.0
35,final53_medium_vertical_broken_mass,grid_dijkstra,800,1.6541000000000001,1.3736,0.19905,83.14522857752894,11.868997225492205,56.0,2343.0,17134.0
35,final53_medium_vertical_broken_mass,visibility_astar,800,8.9394,8.86425,0.03165,99.26401448953891,0.35345599972824965,56.0,703.0,2032.0
35,final53_medium_vertical_broken_mass,visibility_dijkstra,800,8.92465,8.7804,0.0898,98.6410872590921,1.0063082935145609,56.0,703.0,2032.0
36,final53_medium_diagonal_cluster_chain,grid_astar,800,2.40835,2.0259,0.24230000000000002,84.56038853010735,10.039288932367523,55.0,3533.0,26017.0
36,final53_medium_diagonal_cluster_chain,grid_dijkstra,800,2.5475,2.0752,0.33615,81.88349197823348,13.232711183982358,55.0,3533.0,26017.0
36,final53_medium_diagonal_cluster_chain,visibility_astar,800,11.51075,11.36985,0.06055,98.92517592744002,0.5179444532901574,55.0,1361.0,4038.0
36,final53_medium_diagonal_cluster_chain,visibility_dijkstra,800,11.64895,11.38715,0.18975,97.86982768391394,1.6288012308450746,55.0,1361.0,4038.0
37,final53_tall_corner_boulder_passable,grid_astar,800,2.36845,1.8157,0.40595000000000003,77.85537841976534,17.150863269092838,51.0,3320.0,24823.0
37,final53_tall_corner_boulder_passable,grid_dijkstra,800,2.3226,1.88305,0.32425,81.24132356997193,13.999538316586136,51.0,3320.0,24823.0
37,final53_tall_corner_boulder_passable,visibility_astar,800,6.0413,5.98235,0.0369,99.04205219375069,0.6110185184365076,51.0,449.0,1279.0
37,final53_tall_corner_boulder_passable,visibility_dijkstra,800,6.046749999999999,5.983700000000001,0.0485,98.85408815842973,0.8058192081537068,51.0,449.0,1279.0
38,final53_huge_boulder_field_overgrown_xl,grid_astar,800,11.67995,9.54635,1.3759000000000001,82.64296613362822,11.700919023980951,210.0,14031.0,101910.0
38,final53_huge_boulder_field_overgrown_xl,grid_dijkstra,800,12.24195,9.7346,1.92205,80.13855411714528,15.518172707439643,210.0,14031.0,101910.0
38,final53_huge_boulder_field_overgrown_xl,visibility_astar,800,229.1729,228.64805,0.22594999999999998,99.77929763591708,0.10275608727779886,210.0,4476.0,13049.0
38,final53_huge_boulder_field_overgrown_xl,visibility_dijkstra,800,230.4966,229.41545,0.7408,99.5855419405923,0.32682201484599394,210.0,4476.0,13049.0
39,final53_large_rectangular_super_pressure,grid_astar,800,4.79925,3.99475,0.49605,84.61634325794674,10.270999151932493,130.0,6058.0,43193.0
39,final53_large_rectangular_super_pressure,grid_dijkstra,800,4.983,4.0712,0.66015,82.51519491430705,12.981664440049922,130.0,6058.0,43193.0
39,final53_large_rectangular_super_pressure,visibility_astar,800,75.63495,75.25999999999999,0.14655,99.52954083665928,0.1986531052670025,130.0,3224.5,9470.0
39,final53_large_rectangular_super_pressure,visibility_dijkstra,800,75.30924999999999,74.61619999999999,0.49015,99.12808603594404,0.6645227348216431,130.0,3224.5,9470.0
40,final53_mega_goal_pressure_dual_mass,grid_astar,800,97.60335,72.52375,16.355800000000002,74.88738962782357,16.768725854376406,459.0,104635.0,803817.0
40,final53_mega_goal_pressure_dual_mass,grid_dijkstra,800,103.21735,73.4034,21.2915,71.3587433770451,20.680395015274456,459.0,104635.0,803817.0
40,final53_mega_goal_pressure_dual_mass,visibility_astar,800,1826.049,1823.33115,0.6778500000000001,99.92970674429709,0.037368942140744064,459.0,7218.5,20876.0
40,final53_mega_goal_pressure_dual_mass,visibility_dijkstra,800,1812.9310999999998,1810.91365,1.4209,99.89093810661672,0.0826375713046093,459.0,7218.5,20876.0
41,final53_large_square_boulder_field_l,grid_astar,800,4.5811,3.86555,0.4505,85.55859218726224,9.491801230677133,96.0,5519.5,37809.0
41,final53_large_square_boulder_field_l,grid_dijkstra,800,4.77835,3.90245,0.63235,82.84814244624714,12.923397441924628,96.0,5519.5,37809.0
41,final53_large_square_boulder_field_l,visibility_astar,800,43.456450000000004,43.07684999999999,0.1417,99.15848088346463,0.3330523999463803,96.0,3114.0,9310.0
41,final53_large_square_boulder_field_l,visibility_dijkstra,800,43.962450000000004,43.290800000000004,0.53235,98.39987702598536,1.218261422753961,96.0,3114.0,9310.0
42,final53_large_square_boulder_cluster_xl,grid_astar,800,8.73105,6.9262999999999995,1.2736,79.9364789509475,14.538921021651127,102.0,11143.5,84051.0
42,final53_large_square_boulder_cluster_xl,grid_dijkstra,800,8.75155,6.9585,1.36205,79.9019186738698,15.347820088814785,102.0,11143.5,84051.0
42,final53_large_square_boulder_cluster_xl,visibility_astar,800,26.1416,26.0441,0.0574,99.64495547736482,0.22163653570367087,102.0,703.5,1978.0
42,final53_large_square_boulder_cluster_xl,visibility_dijkstra,800,25.98005,25.849200000000003,0.08215,99.55271447708876,0.3191155180980757,102.0,703.5,1978.0
43,final53_giant_rectangular_super_pressure,grid_astar,800,18.61505,14.925350000000002,2.3657500000000002,81.11816550390628,12.55586046630398,309.5,21455.5,156646.0
43,final53_giant_rectangular_super_pressure,grid_dijkstra,800,19.234949999999998,15.0805,3.092,78.98470192363706,15.936175899870388,309.5,21455.5,156646.0
43,final53_giant_rectangular_super_pressure,visibility_astar,800,701.12525,699.9787,0.49745,99.84228317944972,0.06826310045482314,309.5,7869.0,23097.0
43,final53_giant_rectangular_super_pressure,visibility_dijkstra,800,704.99135,703.1125999999999,1.4299499999999998,99.73208167426613,0.20448058593461738,309.5,7869.0,23097.0
44,final53_giant_square_super_pressure,grid_astar,800,41.387,33.03525,4.5563,80.54356512602872,10.883202254906708,334.0,53698.0,408119.0
44,final53_giant_square_super_pressure,grid_dijkstra,800,45.9237,32.91225,9.367,72.2419838910241,20.50869078837112,334.0,53698.0,408119.0
44,final53_giant_square_super_pressure,visibility_astar,800,1161.6365,1159.28845,0.64985,99.81845494325114,0.057508809538082024,334.0,16297.5,48443.0
44,final53_giant_square_super_pressure,visibility_dijkstra,800,1171.6292,1165.91305,3.8289999999999997,99.56689478360667,0.3339743276467889,334.0,16297.5,48443.0
45,final53_huge_square_boulder_sparse_grade_plus,grid_astar,800,11.364450000000001,9.08165,1.3032,80.86725324139826,11.306674025937873,79.0,13368.5,97893.0
45,final53_huge_square_boulder_sparse_grade_plus,grid_dijkstra,800,12.1734,9.2192,2.17375,76.96724057053157,17.789619324897338,79.0,13368.5,97893.0
45,final53_huge_square_boulder_sparse_grade_plus,visibility_astar,800,27.9899,27.573500000000003,0.1194,98.86852666488244,0.43893961168737883,79.0,2561.0,7656.0
45,final53_huge_square_boulder_sparse_grade_plus,visibility_dijkstra,800,28.46315,27.79125,0.43505,97.92249260099811,1.5891833355324945,79.0,2561.0,7656.0
46,final53_huge_square_boulder_dense_grade,grid_astar,800,18.19415,14.274750000000001,2.1624999999999996,79.56514972734712,11.753367156286187,122.0,22371.0,169262.0
46,final53_huge_square_boulder_dense_grade,grid_dijkstra,800,19.767400000000002,14.39575,3.87495,73.68090251889963,19.670618894240583,122.0,22371.0,169262.0
46,final53_huge_square_boulder_dense_grade,visibility_astar,800,72.2949,71.7952,0.16925,99.37091792514045,0.23642941274167403,122.0,3566.5,10533.0
46,final53_huge_square_boulder_dense_grade,visibility_dijkstra,800,73.13405,72.17515,0.649,98.8083687261734,0.905382384946272,122.0,3566.5,10533.0
47,final53_ultra_wide_broken_wallmaze,grid_astar,800,6.8434,5.4404,0.825,80.90028055474559,12.035580965244606,102.0,9542.0,72550.0
47,final53_ultra_wide_broken_wallmaze,grid_dijkstra,800,7.28525,5.52025,1.24295,77.68807353371278,16.84396882321031,102.0,9542.0,72550.0
47,final53_ultra_wide_broken_wallmaze,visibility_astar,800,34.518100000000004,34.3202,0.081,99.47791535374938,0.2403880069600889,102.0,1638.5,4770.0
47,final53_ultra_wide_broken_wallmaze,visibility_dijkstra,800,34.73615,34.458349999999996,0.24065,99.08239926748342,0.7028957806319405,102.0,1638.5,4770.0
48,final53_ultra_tall_island_cascade,grid_astar,800,7.04545,5.524800000000001,0.9466,79.68432011742712,13.075695564119076,96.0,9532.0,71628.0
48,final53_ultra_tall_island_cascade,grid_dijkstra,800,7.2551000000000005,5.57865,1.1074,78.36918900469044,15.144582887550683,96.0,9532.0,71628.0
48,final53_ultra_tall_island_cascade,visibility_astar,800,45.55265,45.11325,0.18935000000000002,99.05748775916022,0.4227016837727113,96.0,3141.0,9312.0
48,final53_ultra_tall_island_cascade,visibility_dijkstra,800,46.07655,45.30155,0.5051,98.47982106885917,1.1362907287338362,96.0,3141.0,9312.0
49,final53_compact_rectangular_super_pressure_scaled,grid_astar,799,0.8188,0.7103,0.0734,87.45050989802039,8.771298296136308,62.0,916.0,5806.0
49,final53_compact_rectangular_super_pressure_scaled,grid_dijkstra,799,0.8328,0.7373,0.0661,88.75753542628982,7.626680455015513,62.0,916.0,5806.0
49,final53_compact_rectangular_super_pressure_scaled,visibility_astar,799,9.2644,9.2078,0.0355,99.27461876847741,0.39864618177871186,62.0,609.0,1712.0
49,final53_compact_rectangular_super_pressure_scaled,visibility_dijkstra,799,9.4521,9.3506,0.065,99.01301828877112,0.6968143589450687,62.0,609.0,1712.0
50,final53_giant_center_pressure_channels_soft,grid_astar,800,19.98725,15.36975,2.78695,77.20931890161359,13.911311326955673,205.0,26063.0,198814.0
50,final53_giant_center_pressure_channels_soft,grid_dijkstra,800,21.6961,15.52375,4.51365,71.87021671259046,20.84266632125103,205.0,26063.0,198814.0
50,final53_giant_center_pressure_channels_soft,visibility_astar,800,215.7025,215.09385,0.2902,99.69868246798521,0.135941363107149,205.0,4731.5,13916.0
50,final53_giant_center_pressure_channels_soft,visibility_dijkstra,800,215.84359999999998,214.83555,0.88745,99.45100534508452,0.42639379539819705,205.0,4731.5,13916.0
51,final53_giant_corridor_pressure,grid_astar,800,114.00829999999999,90.03084999999999,11.66815,79.14207963705601,10.130796595426109,389.0,156972.0,1227342.0
51,final53_giant_corridor_pressure,grid_dijkstra,800,132.2476,90.41919999999999,29.705199999999998,68.43514740861286,22.344299442749858,389.0,156972.0,1227342.0
51,final53_giant_corridor_pressure,visibility_astar,800,1333.84755,1331.5689499999999,0.56695,99.83539951970559,0.044165614243146877,389.0,15733.5,46672.0
51,final53_giant_corridor_pressure,visibility_dijkstra,800,1342.00805,1336.6709999999998,3.7401,99.61802843051628,0.282882908305203,389.0,15733.5,46672.0
52,final53_giant_heterogeneous_load,grid_astar,800,111.01345,85.77345,14.9192,77.78010648608722,13.401716848095933,439.0,128045.0,984728.0
52,final53_giant_heterogeneous_load,grid_dijkstra,800,122.10015,86.2028,25.542749999999998,71.03177872140947,20.947896956990547,439.0,128045.0,984728.0
52,final53_giant_heterogeneous_load,visibility_astar,800,2359.0639499999997,2356.53555,0.78695,99.90319695824408,0.033660219544418876,439.0,15639.0,46182.0
52,final53_giant_heterogeneous_load,visibility_dijkstra,800,2368.9807499999997,2363.6543,3.8028500000000003,99.78362275591789,0.16354645928929512,439.0,15639.0,46182.0
53,final53_giant_multimass_field,grid_astar,800,100.2663,75.9092,15.0486,76.05294505611006,14.860567344838763,349.0,122189.0,945211.0
53,final53_giant_multimass_field,grid_dijkstra,800,109.01429999999999,76.04124999999999,23.550649999999997,70.11453675509607,21.677437302496323,349.0,122189.0,945211.0
53,final53_giant_multimass_field,visibility_astar,800,1508.315,1505.4864499999999,0.7676000000000001,99.82475844846823,0.0544608780550786,349.0,18007.0,53501.0
53,final53_giant_multimass_field,visibility_dijkstra,800,1511.3670499999998,1506.4837,4.4456500000000005,99.59032399563105,0.3064409467726531,349.0,18007.0,53501.0
