config_index,config_name,scene_id,scene_index,scene_seed,algorithm_count,path_found_count,median_runtime_ms,max_runtime_ms,median_build_percent,median_search_percent,max_build_percent,max_search_percent,median_build_ms,median_search_ms,median_nodes,median_edges,median_expanded_nodes,obstacle_count,scene_area,clearance,obstacle_area_ratio,boundary_density,largest_component_ratio,build_dominates_95,build_dominates_99,extreme_type
33,final53_medium_multi_cluster_passages,scene_604,604,93236,4,4,14.3081,40.3238,99.38033229816645,0.4319586824003666,99.64302893744146,4.434214931369267,14.25375,0.143,1343.5,9047.0,731.5,48,44100.0,1.3398907884463864,0.3453,0.08422994795566352,0.997982306379016,True,True,highest_build_percent
32,final53_medium_boulder_field_heavy,scene_104,104,92735,4,4,40.0636,100.7778,99.30778111685427,0.30625722920265686,99.47518203413847,9.697959183673468,39.793,0.11345,1466.0,6173.0,700.0,68,32400.0,0.4731626553515829,0.5075,0.10245649571714342,0.9816902865418434,True,True,highest_build_percent
26,final53_compact_boulder_field_heavy,scene_3,3,92628,4,0,2.5288,4.7109,99.25403880800195,0.37635611395103313,99.75555747275185,3.523452983924246,2.5162,0.0104,243.5,1227.0,23.0,48,12100.0,0.5957667685930277,0.6522,0.20467515609581433,0.7942374854481956,True,True,highest_build_percent
32,final53_medium_boulder_field_heavy,scene_105,105,92736,4,4,36.26755,103.5831,99.05241494835613,0.5935667738648482,99.72099615440526,9.563343684644147,36.1002,0.12115000000000001,1395.5,6426.0,793.0,54,32400.0,0.5969411331304055,0.4838,0.08573312011068433,0.997599846390169,True,True,highest_build_percent
26,final53_compact_boulder_field_heavy,scene_545,545,93170,4,0,2.6525,4.3532,99.04159357077882,0.43498620664427007,99.78406689331985,4.427847425980262,2.6374,0.007350000000000001,261.0,1213.0,20.0,53,12100.0,0.4450740992888563,0.6414,0.2368079426458375,0.5358376511226253,True,True,highest_build_percent
26,final53_compact_boulder_field_heavy,scene_170,170,92795,4,0,2.98735,4.2052,99.0367998466264,0.6374778418401221,99.71463901835823,2.183158491635951,2.9656000000000002,0.0091,266.0,1234.0,39.0,52,12100.0,0.5737864690717759,0.6434,0.21493940569343356,0.6868131868131868,True,True,highest_build_percent
32,final53_medium_boulder_field_heavy,scene_210,210,92841,4,4,27.19845,40.0891,98.91184669604426,0.7359657536297184,99.31030884808013,5.593887654465364,26.90945,0.13155,1531.5,6716.0,874.0,61,32400.0,0.5789748010441216,0.4588,0.09414816729447854,0.9976298824421691,True,False,highest_build_percent
35,final53_medium_vertical_broken_mass,scene_132,132,92766,4,4,7.74275,26.7121,98.90671863250711,0.7643543318621957,99.27302939038321,12.322244794311834,7.6639,0.11150000000000002,1493.0,9616.0,454.5,53,35200.0,1.7142857142857142,0.1779,0.0642015603843036,0.9934046789447486,True,False,highest_build_percent
26,final53_compact_boulder_field_heavy,scene_525,525,93150,4,0,3.36785,6.676,98.6978144815264,0.8832078343258424,99.82774116237269,2.1355415123120505,3.34085,0.01085,282.0,1330.0,54.5,53,12100.0,0.5112343034067441,0.6081,0.20496874580370003,0.5660477453580902,True,False,highest_build_percent
35,final53_medium_vertical_broken_mass,scene_133,133,92767,4,4,7.31675,27.0318,98.68936395398643,0.9696528397164661,99.23764823506541,9.592648045846456,7.235799999999999,0.13365,1537.0,9816.0,502.0,52,35200.0,1.6670061885307583,0.1722,0.061931649716616965,0.9999384956024355,True,False,highest_build_percent
26,final53_compact_boulder_field_heavy,scene_763,763,93388,4,0,3.03955,4.8209,98.5836304900718,0.9667823810953196,99.28644029123194,7.119741100323624,3.00625,0.0283,324.5,1401.0,192.5,51,12100.0,0.3590542244428816,0.6229,0.20396951012958206,0.5020636399946745,True,False,highest_build_percent
26,final53_compact_boulder_field_heavy,scene_168,168,92793,4,0,2.61335,4.4155,98.54808246642057,0.8365268247574068,99.66934661986186,5.661782964986342,2.5917000000000003,0.012750000000000001,294.0,1335.0,63.0,52,12100.0,0.46198375505455513,0.637,0.21297407268192345,0.5427446569178853,True,False,highest_build_percent
26,final53_compact_boulder_field_heavy,scene_66,66,92691,4,0,2.0755,3.8191,98.5334771455193,0.46057365769299713,99.84385936574598,3.0019824412347775,2.0668,0.0048000000000000004,221.0,1001.0,2.5,49,12100.0,0.3928571428571388,0.6814,0.21818570844104523,0.7633637548891786,True,False,highest_build_percent
26,final53_compact_boulder_field_heavy,scene_359,359,92984,4,0,2.4415,4.4455,98.5311708251925,0.592308380769148,99.40389157575075,3.1258721741557354,2.4177,0.014599999999999998,272.0,1085.0,78.5,50,12100.0,0.38836982738895365,0.6546,0.21159668674077536,0.4758220502901354,True,False,highest_build_percent
26,final53_compact_boulder_field_heavy,scene_639,639,93264,4,0,2.97565,5.3524,98.50072405669826,0.6652773258911664,99.8131679246693,3.815503501569669,2.9584,0.008650000000000001,276.5,1126.0,18.5,53,12100.0,0.3646077243641213,0.6749,0.21550138313951803,0.6238390092879257,True,False,highest_build_percent
33,final53_medium_multi_cluster_passages,scene_690,690,93322,4,4,5.392799999999999,11.4357,68.24294808584199,29.825058075153365,99.6825729950943,66.82406254324063,3.4109499999999997,1.4862499999999998,1455.0,10122.0,803.0,46,44100.0,1.6753263337002067,0.2606,0.06758310849474716,0.9995837669094693,False,False,highest_search_percent
33,final53_medium_multi_cluster_passages,scene_18,18,92650,4,4,6.77365,9.7962,69.02862570043871,29.18075139603201,99.61515689757252,60.59135039717564,5.4055,1.23285,1416.0,9820.0,773.0,52,44100.0,1.7823255727815948,0.2915,0.08268875211381146,0.9980604841606207,False,False,highest_search_percent
13,final53_tall_corner_cluster_soft_heavier,scene_546,546,93058,4,4,6.36295,15.8437,67.07582194649925,26.234917123594673,98.29028416859003,56.55434021093557,4.9978,1.44045,3732.5,25255.0,1246.0,44,79200.0,2.808352571929219,0.0713,0.022192504782721566,0.998847230608772,False,False,highest_search_percent
19,final53_huge_square_sparse_clustered_giants,scene_560,560,93078,4,4,33.971650000000004,63.5314,68.40364028812682,23.632194420443035,98.02164603742594,33.098814136707915,24.6369,5.533049999999999,30180.0,234679.0,6278.5,26,810000.0,9.450383937782117,0.1101,0.005998306812258402,1.0,False,False,highest_search_percent
19,final53_huge_square_sparse_clustered_giants,scene_589,589,93107,4,4,37.8273,72.4963,70.1577549291093,22.235849978365493,76.2429324550656,33.87443958279345,21.93495,2.70295,31591.5,247595.0,427.5,20,810000.0,9.673119493891916,0.0516,0.003877358794018524,1.0,False,False,highest_search_percent
10,final53_wide_vertical_band_barrier_plus,scene_389,389,92898,4,4,8.266,17.2551,74.73994489226172,20.96243125600008,97.65336075225129,39.108268860963285,7.1209,1.05685,3516.0,20398.0,2067.0,59,57600.0,1.9285714285714286,0.0632,0.0277420084604499,0.9999456551274387,False,False,highest_search_percent
21,final53_ultra_wide_open_midband,scene_656,656,93176,4,4,22.94215,25.2414,70.53612419989484,20.71664515423771,97.13661976297956,31.121881170346438,16.89195,4.8648,15107.5,110425.0,7394.5,58,364000.0,4.6088530675459864,0.0753,0.01180571745878183,1.0,False,False,highest_search_percent
14,final53_tall_corner_cluster_dense,scene_17,17,92530,4,4,12.66465,15.458,76.69596985835261,19.98392410605773,98.35224877171547,40.23228329223631,9.55245,1.99725,4656.5,31269.0,1379.5,42,96000.0,2.801288769758429,0.0575,0.017154076502895688,1.0,False,False,highest_search_percent
24,final53_goal_region_pressure,scene_45,45,92568,4,4,7.48395,12.3254,74.05373749310586,19.495225522534042,96.36340533672173,23.245342815181264,5.519,1.4525000000000001,7461.0,55901.0,1100.0,26,176400.0,5.037937922860683,0.0349,0.007551801264848972,0.9999471319058948,False,False,highest_search_percent
16,final53_wide_corner_arc_dense,scene_290,290,92805,4,4,12.750900000000001,18.4977,76.20726631475131,19.352082766587767,98.38516818648469,40.76663123756575,10.338049999999999,1.6926999999999999,4733.0,29891.0,2500.0,60,96000.0,2.0435569121811907,0.1188,0.028422847991460932,1.0,False,False,highest_search_percent
33,final53_medium_multi_cluster_passages,scene_622,622,93254,4,4,5.9653,10.4362,77.82484507517064,19.019665160332675,99.55539372568559,66.6143795674319,4.02915,0.51625,1403.5,9512.0,584.5,52,44100.0,1.341887621790383,0.3051,0.0839857189346272,0.9989650328971686,False,False,highest_search_percent
25,final53_compact_rectangular_pressure_plus,scene_645,645,93169,4,4,8.6434,15.017,78.98025113229079,18.88471894860387,98.65612427358069,37.52861952861953,7.9296999999999995,0.6335,2395.5,12335.0,1180.0,56,47600.0,0.8806281960878573,0.3157,0.06437702858648583,1.0,False,False,highest_search_percent
33,final53_medium_multi_cluster_passages,scene_615,615,93247,4,4,4.5104500000000005,5.26,78.408961401507,18.770454234095148,98.9106463878327,43.05311290889905,3.5184,0.5586,1548.5,10328.0,651.0,44,44100.0,1.3824858795183586,0.2632,0.06903458179946785,0.9999306374419089,False,False,highest_search_percent
14,final53_tall_corner_cluster_dense,scene_263,263,92776,4,4,5.6197,7.7889,75.52276596900495,18.175880781196273,97.49607398359798,25.13705401276175,4.81125,0.9479,4291.5,30576.0,1544.5,30,96000.0,3.7154947844902555,0.0477,0.01312288370833772,1.0,False,False,highest_search_percent
33,final53_medium_multi_cluster_passages,scene_143,143,92775,4,4,5.43275,7.5356,79.64199053083973,18.007108578108845,99.51297839588089,46.142074344670974,4.4193999999999996,0.46575,1395.0,9683.0,708.0,51,44100.0,1.6868743667372428,0.299,0.07896523388305172,0.9946597387601934,False,False,highest_search_percent
52,final53_giant_heterogeneous_load,scene_218,218,92861,4,4,1891.27495,3783.0532,87.1782469791078,8.672168519481817,99.93034726553674,19.958741000316387,1872.1996,11.57045,69651.5,494623.0,29866.0,519,2250000.0,3.1393889445210466,0.3355,0.0308040339503795,0.9979472363719304,False,False,highest_median_runtime
52,final53_giant_heterogeneous_load,scene_86,86,92729,4,4,1879.87625,3661.4166,88.7008710504562,7.101219696473614,99.93981564403242,20.316036779935217,1861.5939,9.17225,67405.5,480468.0,21684.5,519,2250000.0,3.3995768369693895,0.3481,0.031306415663481156,0.995452763622109,False,False,highest_median_runtime
52,final53_giant_heterogeneous_load,scene_533,533,93176,4,4,1861.5708,3755.6242,88.4287039332929,6.976011978327938,99.9433889045661,20.47098453974443,1844.0681,9.00785,67315.0,477032.0,23699.5,520,2250000.0,3.1297744953216187,0.352,0.03196087027998661,0.9918000473074193,False,False,highest_median_runtime
52,final53_giant_heterogeneous_load,scene_54,54,92697,4,4,1804.44055,3513.3849,89.51071062308269,5.876328087827028,99.92951438162191,20.035529237601775,1787.10485,8.07075,68207.0,483063.0,19550.0,516,2250000.0,3.1811265771320496,0.3438,0.03172952810230668,0.995238838588823,False,False,highest_median_runtime
52,final53_giant_heterogeneous_load,scene_217,217,92860,4,4,1789.2968,3606.8781,86.95536584264516,9.099027253290972,99.93745837986596,19.719874987508145,1770.2964,11.8001,68468.0,485893.0,28720.0,520,2250000.0,3.1285791557066953,0.3519,0.03150503682251019,0.9952841128720525,False,False,highest_median_runtime
52,final53_giant_heterogeneous_load,scene_8,8,92651,4,4,1789.2588,3518.6203,88.87515647524643,7.120171490875249,99.92999908179208,19.036902684000967,1765.8516000000002,10.24745,66950.5,476613.0,21191.5,520,2250000.0,3.0382298069405813,0.3469,0.0319826608055556,0.9952900541643771,False,False,highest_median_runtime
52,final53_giant_heterogeneous_load,scene_756,756,93399,4,4,1788.5571499999999,3548.8355,89.12186015433048,7.070791572825657,99.93816402712594,19.86786996577516,1770.9332499999998,9.5785,69911.0,498221.0,24165.0,517,2250000.0,3.5432720777602507,0.3272,0.030423112209573045,0.9866010598031794,False,False,highest_median_runtime
52,final53_giant_heterogeneous_load,scene_501,501,93144,4,4,1786.27505,3481.8723,89.87850332419015,6.292197417809017,99.93675413952346,19.897658388241258,1770.91645,9.27885,68360.5,486281.0,23043.5,519,2250000.0,3.185940941240076,0.3323,0.03161305822879276,0.9960584280083469,False,False,highest_median_runtime
52,final53_giant_heterogeneous_load,scene_261,261,92904,4,4,1784.912,3506.5605,88.63520645270157,6.640560330658551,99.93600644502591,20.486285279105452,1767.9213,8.9014,68535.0,486073.0,22010.0,512,2250000.0,3.221300337923772,0.3385,0.0307159678353327,0.9902920161540851,False,False,highest_median_runtime
52,final53_giant_heterogeneous_load,scene_276,276,92919,4,4,1772.04955,3476.2044,88.84772125108734,7.393217905567666,99.93923590632177,18.285936554585533,1754.5806499999999,9.51925,67060.5,476927.0,23049.5,516,2250000.0,3.186274315208303,0.3519,0.031847752563801006,0.998738369342375,False,False,highest_median_runtime
52,final53_giant_heterogeneous_load,scene_255,255,92898,4,4,1764.16965,3505.2755,89.71888712768832,5.627102417545235,99.93811847842305,21.22280358125223,1748.86675,9.0695,66710.0,475582.0,19116.5,506,2250000.0,3.154125307436472,0.3599,0.031130148257368883,0.9945575011831519,False,False,highest_median_runtime
52,final53_giant_heterogeneous_load,scene_307,307,92950,4,4,1764.04,3524.0704,87.84713743703466,8.155202673451754,99.92560333451925,21.175191524866626,1746.1727,11.0388,69563.0,495493.0,21576.0,514,2250000.0,3.3783616948796613,0.3327,0.030918512868184804,0.9966458301570361,False,False,highest_median_runtime
52,final53_giant_heterogeneous_load,scene_532,532,93175,4,4,1758.95135,3400.3461,87.44970555877711,8.465102205516562,99.92021106322088,22.763847454904358,1738.2799,10.748000000000001,69813.5,498789.0,27364.0,510,2250000.0,3.271462516566716,0.3255,0.030585430070269218,0.9981164770586906,False,False,highest_median_runtime
52,final53_giant_heterogeneous_load,scene_575,575,93218,4,4,1758.1578499999998,3420.4608,89.68609797522697,5.743698696399837,99.918589916306,19.496721837456292,1738.7887500000002,8.08485,70312.5,499584.0,20048.5,513,2250000.0,3.402070090864209,0.3196,0.03040178312933432,0.9983323226197696,False,False,highest_median_runtime
52,final53_giant_heterogeneous_load,scene_647,647,93290,4,4,1757.3635,3401.6645,89.25161147380189,6.790990077539244,99.93533165895695,20.80064476333663,1740.7808,9.54395,68966.5,488898.0,21072.0,513,2250000.0,3.390264914031409,0.3286,0.031140151294514116,0.9936478425904408,False,False,highest_median_runtime
